RaceDate,RaceNo,RaceName,RaceDay,RaceVenue,RaceStartTime,RaceTrack,RaceCourse,RaceDistance,RaceGoing,RacePrizeMoney,RaceRatingRange,RaceClass,RaceCardUrComm
2019-09-01,1,畢拿山讓賽,星期日,沙田,13:00,草地,B 賽道,1600米,好地,"$725,000",40-0,第五班,
2019-09-01,2,柏架山讓賽,星期日,沙田,13:30,草地,B 賽道,1200米,好地,"$725,000",40-0,第五班,
2019-09-01,3,香港特區行政長官盃（讓賽）,星期日,沙田,14:00,草地,B 賽道,1200米,好地,"$2,800,000",90+,第一班,
2019-09-01,4,馬鞍山讓賽,星期日,沙田,14:30,草地,B 賽道,1200米,好地,"$967,000",60-40,第四班,
2019-09-01,5,飛鵝山讓賽,星期日,沙田,15:00,草地,B 賽道,1400米,好地,"$967,000",60-40,第四班,
2019-09-01,6,二東山讓賽,星期日,沙田,15:40,草地,B 賽道,1000米,好地,"$967,000",60-40,第四班,
2019-09-01,7,大東山讓賽,星期日,沙田,16:10,草地,B 賽道,1200米,好地,"$1,450,000",80-60,第三班,
2019-09-01,8,大帽山讓賽,星期日,沙田,16:40,草地,B 賽道,1400米,好地,"$2,100,000",100-80,第二班,
2019-09-01,9,鳳凰山讓賽,星期日,沙田,17:15,草地,B 賽道,1000米,好地,"$1,450,000",80-60,第三班,
2019-09-01,10,蓮花山讓賽,星期日,沙田,17:50,草地,B 賽道,1400米,好地,"$1,450,000",80-60,第三班,
2019-09-08,1,般咸讓賽,星期日,沙田,12:45,全天候跑道,,1200米,好地,"$725,000",40-0,第五班,
2019-09-08,2,堅道讓賽,星期日,沙田,13:15,草地,C 賽道,1600米,好地,"$967,000",60-40,第四班,
2019-09-08,3,荷李活讓賽,星期日,沙田,13:45,草地,C 賽道,1400米,好地至快地,"$725,000",40-0,第五班,
2019-09-08,4,東華三院挑戰盃（讓賽）,星期日,沙田,14:30,草地,C 賽道,1200米,好地至快地,"$967,000",60-40,第四班,
2019-09-08,5,新街讓賽,星期日,沙田,15:00,全天候跑道,,1200米,好地,"$967,000",60-40,第四班,
2019-09-08,6,普慶讓賽,星期日,沙田,15:40,草地,C 賽道,1400米,好地至快地,"$967,000",60-40,第四班,
2019-09-08,7,普義讓賽,星期日,沙田,16:10,草地,C 賽道,1200米,好地至快地,"$1,450,000",80-60,第三班,
2019-09-08,8,普仁讓賽,星期日,沙田,16:40,全天候跑道,,1200米,好地,"$2,100,000",100-80,第二班,
2019-09-08,9,西摩讓賽,星期日,沙田,17:15,全天候跑道,,1200米,好地,"$1,450,000",80-60,第三班,
2019-09-08,10,太平山讓賽,星期日,沙田,17:50,草地,C 賽道,1400米,好地至快地,"$1,450,000",80-60,第三班,
2019-09-11,1,石澳讓賽,星期三,跑馬地,19:15,草地,B 賽道,1650米,好地,"$967,000",60-40,第四班,
2019-09-11,2,南灣讓賽,星期三,跑馬地,19:45,草地,B 賽道,1000米,好地,"$725,000",40-0,第五班,
2019-09-11,3,赤柱讓賽,星期三,跑馬地,20:15,草地,B 賽道,1650米,好地,"$725,000",40-0,第五班,
2019-09-11,4,大浪灣讓賽,星期三,跑馬地,20:50,草地,B 賽道,1650米,好地,"$2,100,000",105-80,第二班,
2019-09-11,5,中灣讓賽,星期三,跑馬地,21:20,草地,B 賽道,1000米,好地,"$967,000",60-40,第四班,
2019-09-11,6,淺水灣讓賽,星期三,跑馬地,21:50,草地,B 賽道,1200米,好地,"$967,000",60-40,第四班,
2019-09-11,7,深水灣讓賽,星期三,跑馬地,22:20,草地,B 賽道,1650米,好地,"$1,450,000",80-60,第三班,
2019-09-11,8,舂坎角讓賽,星期三,跑馬地,22:55,草地,B 賽道,1200米,好地,"$1,450,000",80-60,第三班,
2019-09-15,1,畫眉讓賽,星期日,沙田,13:00,草地,C+3 賽道,1800米,好地至快地,"$967,000",60-40,第四班,
2019-09-15,2,雲雀讓賽,星期日,沙田,13:30,全天候跑道,,1650米,好地,"$967,000",60-40,第四班,
2019-09-15,3,喜鵲讓賽,星期日,沙田,14:00,草地,C+3 賽道,1600米,好地至快地,"$725,000",40-0,第五班,
2019-09-15,4,伯勞讓賽,星期日,沙田,14:30,草地,C+3 賽道,1400米,好地至快地,"$725,000",40-0,第五班,
2019-09-15,5,花旗盃（讓賽）,星期日,沙田,15:00,草地,C+3 賽道,1200米,好地至快地,"$1,450,000",80-60,第三班,
2019-09-15,6,太陽鳥讓賽,星期日,沙田,15:35,草地,C+3 賽道,1200米,好地至快地,"$967,000",60-40,第四班,
2019-09-15,7,中華游樂會挑戰盃（讓賽）,星期日,沙田,16:05,草地,C+3 賽道,1400米,好地至快地,"$967,000",60-40,第四班,
2019-09-15,8,燕子讓賽,星期日,沙田,16:35,全天候跑道,,1650米,好地,"$1,450,000",85-60,第三班,
2019-09-15,9,縫葉鶯讓賽,星期日,沙田,17:10,草地,C+3 賽道,1200米,好地至快地,"$2,100,000",100-80,第二班,
2019-09-15,10,啄木鳥讓賽,星期日,沙田,17:45,草地,C+3 賽道,1400米,好地至快地,"$1,450,000",80-60,第三班,
2019-09-21,1,洪水橋讓賽,星期六,沙田,13:00,全天候跑道,,1200米,好地,"$725,000",40-0,第五班,
2019-09-21,2,錦田讓賽,星期六,沙田,13:30,草地,A 賽道,1000米,好地至快地,"$967,000",60-40,第四班,
2019-09-21,3,藍地讓賽,星期六,沙田,14:05,草地,A 賽道,1400米,好地至快地,"$967,000",60-40,第四班,
2019-09-21,4,流浮山讓賽,星期六,沙田,14:35,全天候跑道,,1200米,好地,"$967,000",60-40,第四班,
2019-09-21,5,藍地讓賽,星期六,沙田,15:05,草地,A 賽道,1400米,好地至快地,"$967,000",60-40,第四班,
2019-09-21,6,南生圍讓賽,星期六,沙田,15:35,草地,A 賽道,1000米,好地至快地,"$1,450,000",80-60,第三班,
2019-09-21,7,博愛百週年紀念盃（讓賽）,星期六,沙田,16:05,草地,A 賽道,1600米,好地至快地,"$2,100,000",100-80,第二班,
2019-09-21,8,大棠讓賽,星期六,沙田,16:35,草地,A 賽道,1600米,好地至快地,"$1,450,000",80-60,第三班,
2019-09-21,9,天水圍讓賽,星期六,沙田,17:10,全天候跑道,,1200米,好地,"$1,450,000",80-60,第三班,
2019-09-21,10,元朗讓賽,星期六,沙田,17:45,草地,A 賽道,1400米,好地至快地,"$1,450,000",80-60,第三班,
2019-09-25,1,香葉讓賽,星期三,跑馬地,18:45,草地,A 賽道,1800米,好地至快地,"$2,100,000",100-80,第二班,
2019-09-25,2,香島讓賽,星期三,跑馬地,19:15,草地,A 賽道,1200米,好地至快地,"$725,000",40-0,第五班,
2019-09-25,3,黃竹坑讓賽,星期三,跑馬地,19:45,草地,A 賽道,1200米,好地至快地,"$967,000",60-40,第四班,
2019-09-25,4,南風讓賽,星期三,跑馬地,20:15,草地,A 賽道,1800米,好地至快地,"$967,000",60-40,第四班,
2019-09-25,5,香港鄉村俱樂部挑戰盃（讓賽）,星期三,跑馬地,20:50,草地,A 賽道,1200米,好地至快地,"$967,000",60-40,第四班,
2019-09-25,6,深灣讓賽,星期三,跑馬地,21:20,草地,A 賽道,1000米,好地至快地,"$1,450,000",80-60,第三班,
2019-09-25,7,公益金盃（讓賽）,星期三,跑馬地,21:50,草地,A 賽道,1200米,好地至快地,"$1,450,000",80-60,第三班,
2019-09-25,8,大樹灣讓賽,星期三,跑馬地,22:20,草地,A 賽道,1650米,好地至快地,"$1,450,000",80-60,第三班,
2019-09-25,9,業發讓賽,星期三,跑馬地,22:55,草地,A 賽道,1200米,好地至快地,"$1,450,000",80-60,第三班,
2019-10-01,1,成都讓賽,星期二,沙田,13:00,草地,A+3 賽道,1200米,好地至快地,"$967,000",60-40,第四班,
2019-10-01,2,成都讓賽,星期二,沙田,13:30,草地,A+3 賽道,1200米,好地至快地,"$967,000",60-40,第四班,
2019-10-01,3,國慶盃（讓賽）,星期二,沙田,14:00,草地,A+3 賽道,1000米,好地至快地,"$3,250,000",,國際三級賽,
2019-10-01,4,濟南讓賽,星期二,沙田,14:35,草地,A+3 賽道,1600米,好地至快地,"$967,000",60-40,第四班,
2019-10-01,5,南寧讓賽,星期二,沙田,15:05,草地,A+3 賽道,1400米,好地至快地,"$967,000",60-40,第四班,
2019-10-01,6,重慶讓賽,星期二,沙田,15:40,草地,A+3 賽道,1800米,好地至快地,"$1,450,000",80-60,第三班,
2019-10-01,7,慶典盃（讓賽）,星期二,沙田,16:10,草地,A+3 賽道,1400米,好地至快地,"$3,250,000",,國際三級賽,
2019-10-01,8,上海讓賽,星期二,沙田,16:45,草地,A+3 賽道,1200米,好地至快地,"$1,450,000",80-60,第三班,
2019-10-01,9,天津讓賽,星期二,沙田,17:20,草地,A+3 賽道,1400米,好地至快地,"$1,450,000",80-60,第三班,
2019-10-01,10,北京讓賽,星期二,沙田,17:55,草地,A+3 賽道,1200米,好地至快地,"$2,100,000",100-80,第二班,
2019-10-06,1,卑路乍灣讓賽,星期日,沙田,13:00,草地,B+2 賽道,1800米,好地,"$725,000",40-0,第五班,
2019-10-06,2,中環讓賽,星期日,沙田,13:30,草地,B+2 賽道,1800米,好地,"$967,000",60-40,第四班,
2019-10-06,3,西高山讓賽,星期日,沙田,14:00,全天候跑道,,1650米,濕慢地,"$725,000",40-0,第五班,
2019-10-06,4,堅尼地城讓賽,星期日,沙田,14:30,草地,B+2 賽道,1200米,好地,"$967,000",60-40,第四班,
2019-10-06,5,龍虎山讓賽,星期日,沙田,15:00,草地,B+2 賽道,1400米,好地,"$967,000",60-40,第四班,
2019-10-06,6,摩星嶺讓賽,星期日,沙田,15:35,全天候跑道,,1650米,濕慢地,"$967,000",60-40,第四班,
2019-10-06,7,國際青年商會香港總會參議會盃（讓賽）,星期日,沙田,16:05,全天候跑道,,1650米,濕慢地,"$1,450,000",80-60,第三班,
2019-10-06,8,西營盤讓賽,星期日,沙田,16:35,草地,B+2 賽道,1400米,好地至黏地,"$1,450,000",80-60,第三班,
2019-10-06,9,石塘咀讓賽,星期日,沙田,17:15,草地,B+2 賽道,1200米,好地至黏地,"$1,450,000",80-60,第三班,
2019-10-06,10,上環讓賽,星期日,沙田,17:50,草地,B+2 賽道,1400米,好地至黏地,"$2,100,000",100-80,第二班,
2019-10-09,1,新潟讓賽,星期三,跑馬地,18:45,草地,B 賽道,1200米,好地,"$725,000",40-0,第五班,
2019-10-09,2,阪神讓賽,星期三,跑馬地,19:15,草地,B 賽道,1650米,好地,"$967,000",60-40,第四班,
2019-10-09,3,中山讓賽,星期三,跑馬地,19:45,草地,B 賽道,1200米,好地,"$967,000",60-40,第四班,
2019-10-09,4,中山讓賽,星期三,跑馬地,20:15,草地,B 賽道,1200米,好地,"$967,000",60-40,第四班,
2019-10-09,5,阪神讓賽,星期三,跑馬地,20:45,草地,B 賽道,1650米,好地,"$967,000",60-40,第四班,
2019-10-09,6,中山讓賽,星期三,跑馬地,21:15,草地,B 賽道,1200米,好地,"$967,000",60-40,第四班,
2019-10-09,7,日本中央競馬會錦標（讓賽）,星期三,跑馬地,21:45,草地,B 賽道,1650米,好地,"$2,100,000",100-80,第二班,
2019-10-09,8,東京讓賽,星期三,跑馬地,22:15,草地,B 賽道,1200米,好地,"$1,450,000",80-60,第三班,
2019-10-09,9,京都讓賽,星期三,跑馬地,22:55,草地,B 賽道,1000米,好地,"$1,450,000",80-60,第三班,
2019-10-12,1,眾安讓賽,星期六,沙田,13:00,草地,C 賽道,1600米,好地至快地,"$725,000",40-0,第五班,
2019-10-12,2,海壩讓賽,星期六,沙田,13:30,草地,C 賽道,1000米,好地至快地,"$967,000",60-40,第四班,
2019-10-12,3,沙咀讓賽,星期六,沙田,14:00,全天候跑道,,1200米,好地,"$1,450,000",80-60,第三班,
2019-10-12,4,德華讓賽,星期六,沙田,14:30,草地,C 賽道,1400米,好地至快地,"$967,000",60-40,第四班,
2019-10-12,5,仁濟盃（讓賽）,星期六,沙田,15:00,草地,C 賽道,1400米,好地至快地,"$967,000",60-40,第四班,
2019-10-12,6,大河讓賽,星期六,沙田,15:35,全天候跑道,,1200米,好地,"$967,000",60-40,第四班,
2019-10-12,7,荃富讓賽,星期六,沙田,16:05,草地,C 賽道,1800米,好地至快地,"$2,100,000",105-80,第二班,
2019-10-12,8,荃樂讓賽,星期六,沙田,16:35,草地,C 賽道,1600米,好地至快地,"$1,450,000",80-60,第三班,
2019-10-12,9,禾笛讓賽,星期六,沙田,17:10,草地,C 賽道,1000米,好地至快地,"$2,100,000",100-80,第二班,
2019-10-12,10,楊屋讓賽,星期六,沙田,17:45,草地,C 賽道,1400米,好地至快地,"$1,450,000",80-60,第三班,
2019-10-16,1,金山讓賽,星期三,跑馬地,19:15,草地,C 賽道,1800米,好地,"$725,000",40-0,第五班,
2019-10-16,2,船灣讓賽,星期三,跑馬地,19:45,草地,C 賽道,1000米,好地,"$967,000",60-40,第四班,
2019-10-16,3,石梨貝讓賽,星期三,跑馬地,20:15,草地,C 賽道,1650米,好地,"$967,000",60-40,第四班,
2019-10-16,4,石壁讓賽,星期三,跑馬地,20:45,草地,C 賽道,1800米,好地,"$967,000",60-40,第四班,
2019-10-16,5,美國會所挑戰盃（讓賽）,星期三,跑馬地,21:15,草地,C 賽道,1800米,好地,"$1,450,000",80-60,第三班,
2019-10-16,6,大欖涌讓賽,星期三,跑馬地,21:45,草地,C 賽道,1200米,好地,"$967,000",60-40,第四班,
2019-10-16,7,大潭讓賽,星期三,跑馬地,22:15,草地,C 賽道,1200米,好地,"$1,450,000",80-60,第三班,
2019-10-16,8,萬宜讓賽,星期三,跑馬地,22:50,草地,C 賽道,1650米,好地,"$1,450,000",80-60,第三班,
2019-10-20,1,PIAGET卓越讓賽,星期日,沙田,12:15,草地,A 賽道,1400米,好地,"$725,000",40-0,第五班,
2019-10-20,2,CORUM卓越讓賽,星期日,沙田,12:45,草地,A 賽道,1200米,好地至快地,"$967,000",60-40,第四班,
2019-10-20,3,精英碗（讓賽）,星期日,沙田,13:15,草地,A 賽道,1200米,好地至快地,"$4,250,000",,國際二級賽,
2019-10-20,4,FRANCK MULLER卓越讓賽,星期日,沙田,13:45,草地,A 賽道,1000米,好地至快地,"$1,450,000",80-60,第三班,
2019-10-20,5,PARMIGIANI FLEURIER卓越讓賽,星期日,沙田,14:20,草地,A 賽道,1600米,好地至快地,"$967,000",60-40,第四班,
2019-10-20,6,H. MOSER & CIE.卓越讓賽,星期日,沙田,14:55,草地,A 賽道,1400米,好地至快地,"$967,000",60-40,第四班,
2019-10-20,7,GRAND SEIKO卓越讓賽,星期日,沙田,15:25,草地,A 賽道,1200米,好地至快地,"$1,450,000",80-60,第三班,
2019-10-20,8,東方表行沙田錦標（讓賽）,星期日,沙田,15:55,草地,A 賽道,1600米,好地至快地,"$4,250,000",,國際二級賽,
2019-10-20,9,IWC卓越讓賽,星期日,沙田,16:30,草地,A 賽道,1400米,好地至快地,"$2,100,000",105-80,第二班,
2019-10-20,10,GIRARD-PERREGAUX卓越讓賽,星期日,沙田,17:05,草地,A 賽道,1400米,好地至快地,"$1,450,000",80-60,第三班,
2019-10-23,1,歐洲之星讓賽,星期三,跑馬地,18:45,草地,C+3 賽道,1650米,好地至快地,"$725,000",40-0,第五班,
2019-10-23,2,至尊駿爵讓賽,星期三,跑馬地,19:15,草地,C+3 賽道,1000米,好地至快地,"$725,000",40-0,第五班,
2019-10-23,3,勁飛翔讓賽,星期三,跑馬地,19:45,草地,C+3 賽道,1650米,好地至快地,"$967,000",60-40,第四班,
2019-10-23,4,綠色有運讓賽,星期三,跑馬地,20:15,草地,C+3 賽道,1650米,好地至快地,"$2,100,000",100-80,第二班,
2019-10-23,5,威威之星讓賽,星期三,跑馬地,20:45,草地,C+3 賽道,1200米,好地至快地,"$967,000",60-40,第四班,
2019-10-23,6,浪琴表錦標（讓賽）,星期三,跑馬地,21:20,草地,C+3 賽道,1200米,好地至快地,"$967,000",60-40,第四班,
2019-10-23,7,大贏家讓賽,星期三,跑馬地,21:50,草地,C+3 賽道,1650米,好地至快地,"$1,450,000",80-60,第三班,
2019-10-23,8,極速駿馬讓賽,星期三,跑馬地,22:20,草地,C+3 賽道,1200米,好地至快地,"$1,450,000",80-60,第三班,
2019-10-23,9,天下為攻讓賽,星期三,跑馬地,22:55,草地,C+3 賽道,1200米,好地至快地,"$2,100,000",100-80,第二班,
2019-10-27,1,東莞讓賽,星期日,沙田,12:15,全天候跑道,,1200米,好地,"$725,000",40-0,第五班,
2019-10-27,2,佛山讓賽,星期日,沙田,12:45,全天候跑道,,1800米,好地,"$967,000",60-40,第四班,
2019-10-27,3,惠州讓賽,星期日,沙田,13:15,全天候跑道,,1650米,好地,"$725,000",40-0,第五班,
2019-10-27,4,廣東讓賽盃（讓賽）,星期日,沙田,13:45,全天候跑道,,1650米,好地,"$2,100,000",100-80,第二班,
2019-10-27,5,深圳讓賽,星期日,沙田,14:15,全天候跑道,,1200米,好地,"$967,000",60-40,第四班,
2019-10-27,6,深圳讓賽,星期日,沙田,15:05,全天候跑道,,1200米,好地,"$967,000",60-40,第四班,
2019-10-27,7,廣州讓賽,星期日,沙田,15:40,全天候跑道,,1200米,好地,"$1,450,000",80-60,第三班,
2019-10-27,8,珠海讓賽,星期日,沙田,16:15,全天候跑道,,1650米,好地,"$1,450,000",80-60,第三班,
2019-10-27,9,廣州讓賽,星期日,沙田,16:50,全天候跑道,,1200米,好地,"$1,450,000",80-60,第三班,
2019-10-30,1,畫眉山讓賽,星期三,跑馬地,19:15,草地,A 賽道,2200米,好地,"$725,000",40-0,第五班,
2019-10-30,2,田下山讓賽,星期三,跑馬地,19:45,草地,A 賽道,1000米,好地,"$967,000",60-40,第四班,
2019-10-30,3,尖尾峰讓賽,星期三,跑馬地,20:15,草地,A 賽道,1650米,好地,"$967,000",60-40,第四班,
2019-10-30,4,尖尾峰讓賽,星期三,跑馬地,20:45,草地,A 賽道,1650米,好地,"$967,000",60-40,第四班,
2019-10-30,5,釣魚翁讓賽,星期三,跑馬地,21:15,草地,A 賽道,1200米,好地,"$967,000",60-40,第四班,
2019-10-30,6,尖風山讓賽,星期三,跑馬地,21:45,草地,A 賽道,1200米,好地,"$1,450,000",80-60,第三班,
2019-10-30,7,大金鐘讓賽,星期三,跑馬地,22:15,草地,A 賽道,1650米,好地,"$1,450,000",80-60,第三班,
2019-10-30,8,石屋山讓賽,星期三,跑馬地,22:50,草地,A 賽道,1800米,好地,"$1,450,000",85-60,第三班,
2019-11-03,1,L'OREAL PARIS讓賽,星期日,沙田,12:15,草地,C+3 賽道,1200米,好地至快地,"$725,000",40-0,第五班,
2019-11-03,2,KATE TOKYO讓賽,星期日,沙田,12:45,草地,C+3 賽道,1000米,好地至快地,"$967,000",60-40,第四班,
2019-11-03,3,KOSE COSMEPORT讓賽,星期日,沙田,13:15,草地,C+3 賽道,1200米,好地至快地,"$967,000",60-40,第四班,
2019-11-03,4,CANMAKE TOKYO讓賽,星期日,沙田,13:45,草地,C+3 賽道,1200米,好地至快地,"$1,450,000",80-60,第三班,
2019-11-03,5,SUISSE PROGRAMME讓賽,星期日,沙田,14:15,草地,C+3 賽道,1400米,好地至快地,"$967,000",60-40,第四班,
2019-11-03,6,REVLON讓賽,星期日,沙田,14:50,草地,C+3 賽道,1200米,好地至快地,"$2,100,000",105-80,第二班,
2019-11-03,7,莎莎婦女銀袋（讓賽）,星期日,沙田,15:20,草地,C+3 賽道,1800米,好地至快地,"$3,250,000",,國際三級賽,
2019-11-03,8,AHAVA讓賽,星期日,沙田,15:55,草地,C+3 賽道,1400米,好地至快地,"$1,450,000",80-60,第三班,
2019-11-03,9,瑞斯美讓賽,星期日,沙田,16:30,草地,C+3 賽道,1600米,好地至快地,"$1,450,000",80-60,第三班,
2019-11-03,10,ELEANOR讓賽,星期日,沙田,17:05,草地,C+3 賽道,1600米,好地至快地,"$2,100,000",95-75,第二班,
2019-11-06,1,港灣讓賽,星期三,跑馬地,18:45,草地,B 賽道,1200米,好地,"$967,000",60-40,第四班,
2019-11-06,2,菲林明讓賽,星期三,跑馬地,19:15,草地,B 賽道,1650米,好地,"$725,000",40-0,第五班,
2019-11-06,3,港灣讓賽,星期三,跑馬地,19:45,草地,B 賽道,1200米,好地,"$967,000",60-40,第四班,
2019-11-06,4,LAWASIA盃（讓賽）,星期三,跑馬地,20:15,草地,B 賽道,1650米,好地,"$967,000",60-40,第四班,
2019-11-06,5,告士打讓賽,星期三,跑馬地,20:45,草地,B 賽道,1800米,好地,"$967,000",60-40,第四班,
2019-11-06,6,港灣讓賽,星期三,跑馬地,21:15,草地,B 賽道,1200米,好地,"$967,000",60-40,第四班,
2019-11-06,7,謝斐讓賽,星期三,跑馬地,21:45,草地,B 賽道,1650米,好地,"$1,450,000",80-60,第三班,
2019-11-06,8,駱克讓賽,星期三,跑馬地,22:15,草地,B 賽道,1000米,好地,"$1,450,000",80-60,第三班,
2019-11-06,9,柯布連讓賽,星期三,跑馬地,22:50,草地,B 賽道,1200米,好地,"$1,450,000",80-60,第三班,
2019-11-09,1,PANASHOP讓賽,星期六,沙田,12:15,草地,A 賽道,1200米,好地,"$967,000",60-40,第四班（條件限制）,
2019-11-09,2,PANASONIC蒸氣焗爐讓賽,星期六,沙田,12:45,草地,A 賽道,1800米,好地至快地,"$725,000",40-0,第五班,
2019-11-09,3,PANASONIC 4K電視讓賽,星期六,沙田,13:15,草地,A 賽道,1400米,好地至快地,"$967,000",60-40,第四班,
2019-11-09,4,PANASONIC礦物納米離子風筒讓賽,星期六,沙田,13:45,全天候跑道,,1650米,好地,"$967,000",60-40,第四班,
2019-11-09,5,PANASONIC JUSTFIT浴室寶讓賽,星期六,沙田,14:15,草地,A 賽道,1000米,好地至快地,"$1,450,000",80-60,第三班,
2019-11-09,6,PANASONIC MOMI MOMI專業按摩椅讓賽,星期六,沙田,14:50,全天候跑道,,1650米,好地,"$1,450,000",80-60,第三班,
2019-11-09,7,樂聲盃（讓賽）,星期六,沙田,15:20,草地,A 賽道,1400米,好地至快地,"$2,800,000",110-85,第一班,
2019-11-09,8,PANASONIC R32雪種空調機讓賽,星期六,沙田,15:50,草地,A 賽道,1600米,好地至快地,"$967,000",60-40,第四班,
2019-11-09,9,PANASONIC IH電磁爐讓賽,星期六,沙田,16:25,草地,A 賽道,2000米,好地至快地,"$1,450,000",80-60,第三班,
2019-11-09,10,PANASONIC日本廚櫃讓賽,星期六,沙田,17:00,草地,A 賽道,1400米,好地至快地,"$1,450,000",80-60,第三班,
2019-11-17,1,摩士公園讓賽,星期日,沙田,12:15,草地,B 賽道,1200米,好地,"$967,000",60-40,第四班,
2019-11-17,2,沙田公園讓賽,星期日,沙田,12:45,草地,B 賽道,2000米,好地,"$967,000",60-40,第四班,
2019-11-17,3,香港公園讓賽,星期日,沙田,13:15,草地,B 賽道,1200米,好地,"$1,450,000",80-60,第三班,
2019-11-17,4,九龍仔公園讓賽,星期日,沙田,13:45,草地,B 賽道,1400米,好地,"$967,000",60-40,第四班,
2019-11-17,5,九龍公園讓賽,星期日,沙田,14:15,草地,B 賽道,1400米,好地,"$1,450,000",80-60,第三班,
2019-11-17,6,馬會一哩錦標,星期日,沙田,14:45,草地,B 賽道,1600米,好地至快地,"$4,250,000",,國際二級賽,
2019-11-17,7,馬會盃,星期日,沙田,15:15,草地,B 賽道,2000米,好地至快地,"$4,250,000",,國際二級賽,
2019-11-17,8,馬會短途錦標,星期日,沙田,15:50,草地,B 賽道,1200米,好地至快地,"$4,250,000",,國際二級賽,
2019-11-17,9,彭福公園讓賽,星期日,沙田,16:30,草地,B 賽道,1200米,好地至快地,"$2,100,000",100-80,第二班,
2019-11-17,10,維多利亞公園讓賽,星期日,沙田,17:05,草地,B 賽道,1800米,好地至快地,"$2,100,000",100-80,第二班,
2019-11-20,1,秋英讓賽,星期三,跑馬地,18:45,草地,C+3 賽道,1650米,好地至快地,"$725,000",40-0,第五班,
2019-11-20,2,蒲公英讓賽,星期三,跑馬地,19:15,草地,C+3 賽道,1200米,好地至快地,"$967,000",60-40,第四班,
2019-11-20,3,蒲公英讓賽,星期三,跑馬地,19:45,草地,C+3 賽道,1200米,好地至快地,"$967,000",60-40,第四班,
2019-11-20,4,芙蓉讓賽,星期三,跑馬地,20:20,草地,C+3 賽道,1650米,好地至快地,"$967,000",60-40,第四班,
2019-11-20,5,芙蓉讓賽,星期三,跑馬地,20:50,草地,C+3 賽道,1650米,好地至快地,"$967,000",60-40,第四班,
2019-11-20,6,澳洲賽馬會錦標（讓賽）,星期三,跑馬地,21:20,草地,C+3 賽道,1200米,好地至快地,"$1,450,000",80-60,第三班,
2019-11-20,7,繡球花讓賽,星期三,跑馬地,21:50,草地,C+3 賽道,1000米,好地至快地,"$2,100,000",100-80,第二班,
2019-11-20,8,洛神花讓賽,星期三,跑馬地,22:20,草地,C+3 賽道,1650米,好地至快地,"$1,450,000",80-60,第三班,
2019-11-20,9,帝王花讓賽,星期三,跑馬地,22:55,草地,C+3 賽道,1200米,好地至快地,"$1,450,000",80-60,第三班,
2019-11-23,1,其士鋁工程讓賽,星期六,沙田,12:15,草地,C 賽道,1200米,好地,"$967,000",60-40,第四班,
2019-11-23,2,其士汽車代理讓賽,星期六,沙田,12:45,草地,C 賽道,1400米,好地至快地,"$725,000",40-0,第五班,
2019-11-23,3,其士建築讓賽,星期六,沙田,13:15,草地,C 賽道,1000米,好地至快地,"$967,000",60-40,第四班,
2019-11-23,4,其士機電工程讓賽,星期六,沙田,13:45,草地,C 賽道,1600米,好地至快地,"$967,000",60-40,第四班,
2019-11-23,5,其士環保工程讓賽,星期六,沙田,14:15,全天候跑道,,1200米,好地,"$1,450,000",80-60,第三班,
2019-11-23,6,其士保健護理投資讓賽,星期六,沙田,14:50,草地,C 賽道,1400米,好地至快地,"$967,000",60-40,第四班,
2019-11-23,7,其士盃（讓賽）,星期六,沙田,15:20,草地,C 賽道,1600米,好地至快地,"$2,800,000",110-85,第一班,
2019-11-23,8,其士電梯讓賽,星期六,沙田,15:50,全天候跑道,,1200米,好地,"$1,450,000",80-60,第三班,
2019-11-23,9,其士物業發展及營運讓賽,星期六,沙田,16:25,草地,C 賽道,1600米,好地至快地,"$1,450,000",80-60,第三班,
2019-11-23,10,其士物業投資讓賽,星期六,沙田,17:00,草地,C 賽道,1400米,好地至快地,"$2,100,000",95-75,第二班,
2019-11-27,1,霍伊克讓賽,星期三,跑馬地,18:45,草地,A 賽道,1000米,好地,"$725,000",40-0,第五班,
2019-11-27,2,傑德堡讓賽,星期三,跑馬地,19:15,草地,A 賽道,1200米,好地,"$967,000",60-40,第四班,
2019-11-27,3,凱爾索讓賽,星期三,跑馬地,19:45,草地,A 賽道,1800米,好地,"$725,000",40-0,第五班,
2019-11-27,4,弗尼赫斯特讓賽,星期三,跑馬地,20:15,草地,A 賽道,2200米,好地,"$967,000",60-40,第四班,
2019-11-27,5,傑德堡讓賽,星期三,跑馬地,20:45,草地,A 賽道,1200米,好地,"$967,000",60-40,第四班,
2019-11-27,6,聖安度挑戰碟（讓賽）,星期三,跑馬地,21:15,草地,A 賽道,1000米,好地,"$1,450,000",80-60,第三班,
2019-11-27,7,傑德堡讓賽,星期三,跑馬地,21:45,草地,A 賽道,1200米,好地,"$967,000",60-40,第四班,
2019-11-27,8,格拉斯哥讓賽,星期三,跑馬地,22:15,草地,A 賽道,1800米,好地,"$1,450,000",80-60,第三班,
2019-11-27,9,埃爾金讓賽,星期三,跑馬地,22:50,草地,A 賽道,1200米,好地,"$1,450,000",80-60,第三班,
2019-12-01,1,亞士厘讓賽,星期日,沙田,12:15,草地,C+3 賽道,1400米,好地,"$967,000",60-40,第四班（條件限制）,
2019-12-01,2,金馬倫讓賽,星期日,沙田,12:45,全天候跑道,,1650米,好地,"$725,000",40-0,第五班,
2019-12-01,3,加拿分讓賽,星期日,沙田,13:15,草地,C+3 賽道,1200米,好地,"$967,000",60-40,第四班,
2019-12-01,4,漢口讓賽,星期日,沙田,13:45,全天候跑道,,1200米,好地,"$725,000",40-0,第五班,
2019-12-01,5,香港中華總商會盃（讓賽）,星期日,沙田,14:15,全天候跑道,,1800米,好地,"$967,000",60-40,第四班,
2019-12-01,6,中間讓賽,星期日,沙田,14:50,全天候跑道,,1200米,好地,"$967,000",60-40,第四班,
2019-12-01,7,半島金禧挑戰盃（讓賽）,星期日,沙田,15:20,草地,C+3 賽道,1000米,好地,"$1,450,000",80-60,第三班,
2019-12-01,8,麼地讓賽,星期日,沙田,15:50,全天候跑道,,1200米,好地,"$2,100,000",100-80,第二班,
2019-12-01,9,彌敦讓賽,星期日,沙田,16:25,全天候跑道,,1650米,好地,"$1,450,000",80-60,第三班,
2019-12-01,10,梳士巴利讓賽,星期日,沙田,17:00,草地,C+3 賽道,1400米,好地,"$1,450,000",80-60,第三班,
2019-12-04,1,日本讓賽,星期三,跑馬地,18:30,草地,B 賽道,1200米,好地,"$725,000",40-0,第五班,
2019-12-04,2,英國讓賽,星期三,跑馬地,19:00,草地,B 賽道,1650米,好地,"$725,000",40-0,第五班,
2019-12-04,3,法國讓賽,星期三,跑馬地,19:30,草地,B 賽道,1200米,好地,"$967,000",60-40,第四班,
2019-12-04,4,浪琴表國際騎師錦標賽（讓賽）－第一關,星期三,跑馬地,20:10,草地,B 賽道,1000米,好地,"$1,160,400",60-40,第四班,
2019-12-04,5,浪琴表國際騎師錦標賽（讓賽）－第二關,星期三,跑馬地,20:40,草地,B 賽道,1650米,好地,"$1,160,400",60-40,第四班,
2019-12-04,6,意大利讓賽,星期三,跑馬地,21:10,草地,B 賽道,1650米,好地,"$967,000",60-40,第四班,
2019-12-04,7,浪琴表國際騎師錦標賽（讓賽）－第三關,星期三,跑馬地,21:40,草地,B 賽道,1650米,好地,"$1,740,000",80-60,第三班,
2019-12-04,8,浪琴表國際騎師錦標賽（讓賽）－第四關,星期三,跑馬地,22:10,草地,B 賽道,1800米,好地,"$2,520,000",100-80,第二班,
2019-12-04,9,澳洲讓賽,星期三,跑馬地,22:50,草地,B 賽道,1200米,好地,"$1,450,000",80-60,第三班,
2019-12-08,1,雞尾酒讓賽,星期日,沙田,12:00,草地,A 賽道,1400米,好地,"$967,000",60-40,第四班,
2019-12-08,2,奇異光芒讓賽,星期日,沙田,12:30,草地,A 賽道,1800米,好地,"$1,450,000",80-55,第三班,
2019-12-08,3,步步友讓賽,星期日,沙田,13:10,草地,A 賽道,1200米,好地,"$1,450,000",80-60,第三班,
2019-12-08,4,浪琴表香港瓶,星期日,沙田,13:45,草地,A 賽道,2400米,好地,"$20,000,000",,國際一級賽,
2019-12-08,5,浪琴表香港短途錦標,星期日,沙田,14:25,草地,A 賽道,1200米,好地,"$20,000,000",,國際一級賽,
2019-12-08,6,高地之舞讓賽,星期日,沙田,15:00,草地,A 賽道,1400米,好地,"$1,450,000",80-60,第三班,
2019-12-08,7,浪琴表香港一哩錦標,星期日,沙田,15:35,草地,A 賽道,1600米,好地,"$25,000,000",,國際一級賽,
2019-12-08,8,浪琴表香港盃,星期日,沙田,16:15,草地,A 賽道,2000米,好地,"$28,000,000",,國際一級賽,
2019-12-08,9,龍王讓賽,星期日,沙田,16:50,草地,A 賽道,1200米,好地,"$2,100,000",105-80,第二班,
2019-12-08,10,榮進寶蹄讓賽,星期日,沙田,17:25,草地,A 賽道,1600米,好地,"$2,100,000",100-80,第二班,
2019-12-11,1,軍艦鳥讓賽,星期三,跑馬地,18:45,草地,C 賽道,1000米,好地,"$725,000",40-0,第五班,
2019-12-11,2,信天翁讓賽,星期三,跑馬地,19:15,草地,C 賽道,1200米,好地,"$967,000",60-40,第四班,
2019-12-11,3,香港高爾夫,星期三,跑馬地,19:45,草地,C 賽道,1200米,好地,"$967,000",60-40,第四班,
2019-12-11,4,相思鳥讓賽,星期三,跑馬地,20:15,草地,C 賽道,1800米,好地,"$967,000",60-40,第四班,
2019-12-11,5,瑞典盃（讓賽）,星期三,跑馬地,20:45,草地,C 賽道,1200米,好地,"$967,000",60-40,第四班,
2019-12-11,6,夜鷹讓賽,星期三,跑馬地,21:15,草地,C 賽道,1650米,好地,"$1,450,000",80-60,第三班,
2019-12-11,7,知更鳥讓賽,星期三,跑馬地,21:45,草地,C 賽道,1650米,好地,"$967,000",60-40,第四班,
2019-12-11,8,沙燕讓賽,星期三,跑馬地,22:15,草地,C 賽道,1000米,好地,"$1,450,000",80-60,第三班,
2019-12-11,9,海鵰讓賽,星期三,跑馬地,22:50,草地,C 賽道,1200米,好地,"$1,450,000",80-60,第三班,
2019-12-15,1,六福珠寶星籟系列讓賽,星期日,沙田,12:15,草地,C+3 賽道,1000米,好地,"$967,000",60-40,第四班,
2019-12-15,2,六福珠寶婚嫁系列讓賽,星期日,沙田,12:45,草地,C+3 賽道,1400米,好地,"$725,000",40-0,第五班,
2019-12-15,3,六福珠寶愛很美系列讓賽,星期日,沙田,13:15,全天候跑道,,1200米,好地,"$967,000",60-40,第四班,
2019-12-15,4,六福珠寶古醇金系列讓賽,星期日,沙田,13:45,草地,C+3 賽道,1800米,好地,"$725,000",40-0,第五班,
2019-12-15,5,六福珠寶GOLDSTYLE讓賽,星期日,沙田,14:15,草地,C+3 賽道,1400米,好地,"$967,000",60-40,第四班,
2019-12-15,6,六福珠寶DEAR Q讓賽,星期日,沙田,14:50,草地,C+3 賽道,1600米,好地,"$967,000",60-40,第四班,
2019-12-15,7,六福珠寶愛恆久系列讓賽,星期日,沙田,15:20,全天候跑道,,1200米,好地,"$1,450,000",80-60,第三班,
2019-12-15,8,六福珠寶盃（讓賽）,星期日,沙田,15:50,草地,C+3 賽道,1400米,好地,"$2,100,000",105-80,第二班,
2019-12-15,9,六福珠寶鉑金系列讓賽,星期日,沙田,16:25,草地,C+3 賽道,1200米,好地,"$1,450,000",80-60,第三班,
2019-12-15,10,六福珠寶抱抱家庭系列讓賽,星期日,沙田,17:00,草地,C+3 賽道,1600米,好地,"$1,450,000",80-60,第三班,
2019-12-18,1,海王星讓賽,星期三,跑馬地,18:45,草地,C+3 賽道,1650米,好地至快地,"$725,000",40-0,第五班,
2019-12-18,2,木星讓賽,星期三,跑馬地,19:15,草地,C+3 賽道,1000米,好地至快地,"$967,000",60-40,第四班,
2019-12-18,3,天王星讓賽,星期三,跑馬地,19:45,草地,C+3 賽道,1650米,好地至快地,"$967,000",60-40,第四班,
2019-12-18,4,金星讓賽,星期三,跑馬地,20:15,草地,C+3 賽道,1200米,好地至快地,"$1,450,000",80-60,第三班,
2019-12-18,5,金星讓賽,星期三,跑馬地,20:45,草地,C+3 賽道,1200米,好地至快地,"$1,450,000",80-60,第三班,
2019-12-18,6,土星讓賽,星期三,跑馬地,21:15,草地,C+3 賽道,1200米,好地至快地,"$967,000",60-40,第四班,
2019-12-18,7,火星讓賽,星期三,跑馬地,21:45,草地,C+3 賽道,1650米,好地至快地,"$1,450,000",80-60,第三班,
2019-12-18,8,金星讓賽,星期三,跑馬地,22:15,草地,C+3 賽道,1200米,好地至快地,"$1,450,000",80-60,第三班,
2019-12-18,9,水星讓賽,星期三,跑馬地,22:50,草地,C+3 賽道,1200米,好地至快地,"$2,100,000",100-80,第二班,
2019-12-21,1,馬會道讓賽,星期六,沙田,12:15,草地,A+3 賽道,1600米,好地,"$725,000",40-0,第五班,
2019-12-21,2,河上鄉讓賽,星期六,沙田,12:45,草地,A+3 賽道,1200米,好地,"$967,000",60-40,第四班,
2019-12-21,3,梧桐河讓賽,星期六,沙田,13:15,草地,A+3 賽道,1200米,好地,"$725,000",40-0,第五班,
2019-12-21,4,金錢讓賽,星期六,沙田,13:45,草地,A+3 賽道,1400米,好地,"$967,000",60-40,第四班,
2019-12-21,5,河上鄉讓賽,星期六,沙田,14:15,草地,A+3 賽道,1200米,好地,"$967,000",60-40,第四班,
2019-12-21,6,古洞讓賽,星期六,沙田,14:50,草地,A+3 賽道,1800米,好地,"$967,000",60-40,第四班,
2019-12-21,7,皮亞士紀念挑戰盃（讓賽）,星期六,沙田,15:20,草地,A+3 賽道,1200米,好地,"$1,450,000",80-60,第三班,
2019-12-21,8,塱原讓賽,星期六,沙田,15:50,草地,A+3 賽道,1000米,好地,"$1,450,000",80-60,第三班,
2019-12-21,9,雙魚河讓賽,星期六,沙田,16:25,草地,A+3 賽道,2000米,好地,"$2,100,000",105-80,第二班,
2019-12-21,10,燕崗讓賽,星期六,沙田,17:00,草地,A+3 賽道,1400米,好地,"$1,450,000",80-60,第三班,
2019-12-26,1,油柑頭讓賽,星期四,跑馬地,18:45,草地,A 賽道,1200米,好地,"$725,000",40-0,第五班,
2019-12-26,2,深井讓賽,星期四,跑馬地,19:15,草地,A 賽道,2200米,好地,"$1,450,000",80-60,第三班,
2019-12-26,3,青衣讓賽,星期四,跑馬地,19:45,草地,A 賽道,1650米,好地,"$967,000",60-40,第四班,
2019-12-26,4,青衣讓賽,星期四,跑馬地,20:15,草地,A 賽道,1650米,好地,"$967,000",60-40,第四班,
2019-12-26,5,青龍頭讓賽,星期四,跑馬地,20:45,草地,A 賽道,1200米,好地,"$967,000",60-40,第四班,
2019-12-26,6,汀九讓賽,星期四,跑馬地,21:15,草地,A 賽道,1000米,好地,"$967,000",60-40,第四班,
2019-12-26,7,馬灣讓賽,星期四,跑馬地,21:45,草地,A 賽道,1650米,好地,"$1,450,000",80-60,第三班,
2019-12-26,8,柴灣角讓賽,星期四,跑馬地,22:15,草地,A 賽道,1650米,好地,"$2,100,000",100-80,第二班,
2019-12-26,9,汲水門讓賽,星期四,跑馬地,22:50,草地,A 賽道,1200米,好地,"$1,450,000",80-60,第三班,
2019-12-29,1,新馬錦標,星期日,沙田,12:15,草地,B+2 賽道,1400米,好地,"$2,000,000",,條件限制賽,
2019-12-29,2,黃宜洲讓賽,星期日,沙田,12:45,全天候跑道,,1650米,濕慢地,"$725,000",40-0,第五班,
2019-12-29,3,大浪咀讓賽,星期日,沙田,13:15,草地,B+2 賽道,1200米,好地,"$967,000",60-40,第四班,
2019-12-29,4,黃石讓賽,星期日,沙田,13:45,全天候跑道,,1650米,濕慢地,"$967,000",60-40,第四班,
2019-12-29,5,浪茄讓賽,星期日,沙田,14:15,草地,B+2 賽道,1200米,好地,"$1,450,000",80-60,第三班,
2019-12-29,6,大灘讓賽,星期日,沙田,14:50,草地,B+2 賽道,1400米,好地,"$967,000",60-40,第四班,
2019-12-29,7,洋紫荊短途錦標（讓賽）,星期日,沙田,15:20,草地,B+2 賽道,1000米,好地,"$3,250,000",,國際三級賽,
2019-12-29,8,鹿湖讓賽,星期日,沙田,15:50,草地,B+2 賽道,1400米,好地,"$1,450,000",80-60,第三班,
2019-12-29,9,赤徑讓賽,星期日,沙田,16:25,全天候跑道,,1650米,濕慢地,"$2,100,000",105-80,第二班,
2019-12-29,10,北潭涌讓賽,星期日,沙田,17:00,全天候跑道,,1650米,濕慢地,"$1,450,000",80-60,第三班,
2020-01-01,1,棕櫚讓賽,星期三,沙田,12:15,草地,C 賽道,1200米,好地,"$967,000",60-40,第四班,
2020-01-01,2,紫杉讓賽,星期三,沙田,12:45,草地,C 賽道,1800米,好地,"$725,000",40-0,第五班,
2020-01-01,3,細葉榕讓賽,星期三,沙田,13:15,草地,C 賽道,1200米,好地,"$1,450,000",80-60,第三班,
2020-01-01,4,楊柳讓賽,星期三,沙田,13:45,草地,C 賽道,1600米,好地,"$967,000",60-40,第四班,
2020-01-01,5,白楊讓賽,星期三,沙田,14:15,草地,C 賽道,1400米,好地,"$967,000",60-40,第四班,
2020-01-01,6,櫻桃讓賽,星期三,沙田,14:50,草地,C 賽道,1000米,好地,"$2,100,000",100-80,第二班,
2020-01-01,7,華商會挑戰盃（讓賽）,星期三,沙田,15:20,草地,C 賽道,1400米,好地,"$3,250,000",,國際三級賽,
2020-01-01,8,細葉榕讓賽,星期三,沙田,15:50,草地,C 賽道,1200米,好地,"$1,450,000",80-60,第三班,
2020-01-01,9,紅棉讓賽,星期三,沙田,16:25,草地,C 賽道,1400米,好地,"$1,450,000",80-60,第三班,
2020-01-01,10,鳳凰木讓賽,星期三,沙田,17:00,草地,C 賽道,1600米,好地,"$1,450,000",80-60,第三班,
2020-01-05,1,恩平讓賽,星期日,沙田,12:15,草地,C+3 賽道,1000米,好地,"$967,000",60-35,第四班,
2020-01-05,2,雲地利讓賽,星期日,沙田,12:45,全天候跑道,,1200米,好地,"$725,000",40-0,第五班,
2020-01-05,3,新寧讓賽,星期日,沙田,13:15,草地,C+3 賽道,1000米,好地,"$1,450,000",80-60,第三班,
2020-01-05,4,新會讓賽,星期日,沙田,13:45,草地,C+3 賽道,1400米,好地,"$725,000",40-0,第五班,
2020-01-05,5,連道讓賽,星期日,沙田,14:15,全天候跑道,,1200米,好地,"$967,000",60-40,第四班,
2020-01-05,6,禮頓讓賽,星期日,沙田,14:50,草地,C+3 賽道,1800米,好地,"$967,000",60-40,第四班,
2020-01-05,7,開平讓賽,星期日,沙田,15:20,全天候跑道,,1200米,好地,"$1,450,000",85-60,第三班,
2020-01-05,8,保良局盃（讓賽）,星期日,沙田,15:50,草地,C+3 賽道,1400米,好地,"$1,450,000",80-60,第三班,
2020-01-05,9,加路連山讓賽,星期日,沙田,16:25,草地,C+3 賽道,1800米,好地,"$2,100,000",100-80,第二班,
2020-01-05,10,樂活讓賽,星期日,沙田,17:00,草地,C+3 賽道,1400米,好地,"$2,100,000",100-80,第二班,
2020-01-08,1,京士頓讓賽,星期三,跑馬地,18:45,草地,C 賽道,1200米,好地,"$967,000",60-40,第四班,
2020-01-08,2,京士頓讓賽,星期三,跑馬地,19:15,草地,C 賽道,1200米,好地,"$967,000",60-40,第四班,
2020-01-08,3,百德新讓賽,星期三,跑馬地,19:50,草地,C 賽道,1650米,好地,"$967,000",60-40,第四班,
2020-01-08,4,京士頓讓賽,星期三,跑馬地,20:20,草地,C 賽道,1200米,好地,"$967,000",60-40,第四班,
2020-01-08,5,百德新讓賽,星期三,跑馬地,20:50,草地,C 賽道,1650米,好地,"$967,000",60-40,第四班,
2020-01-08,6,一月盃（讓賽）,星期三,跑馬地,21:20,草地,C 賽道,1800米,好地,"$3,250,000",,國際三級賽,
2020-01-08,7,記利佐治讓賽,星期三,跑馬地,21:50,草地,C 賽道,1800米,好地,"$1,450,000",80-60,第三班,
2020-01-08,9,高士威讓賽,星期三,跑馬地,22:55,草地,C 賽道,1200米,好地,"$1,450,000",80-60,第三班,
2020-01-11,1,賈炳達讓賽,星期六,沙田,12:15,草地,A 賽道,1200米,好地,"$967,000",60-40,第四班,
2020-01-11,2,侯王讓賽,星期六,沙田,12:45,草地,A 賽道,1600米,好地,"$725,000",40-0,第五班,
2020-01-11,3,賈炳達讓賽,星期六,沙田,13:15,草地,A 賽道,1200米,好地,"$967,000",60-40,第四班,
2020-01-11,4,南角讓賽,星期六,沙田,13:45,全天候跑道,,1650米,好地,"$967,000",60-40,第四班,
2020-01-11,5,衙前圍讓賽,星期六,沙田,14:15,草地,A 賽道,1200米,好地,"$1,450,000",80-60,第三班,
2020-01-11,6,城南讓賽,星期六,沙田,14:50,草地,A 賽道,1400米,好地,"$967,000",60-40,第四班,
2020-01-11,7,城南讓賽,星期六,沙田,15:20,草地,A 賽道,1400米,好地,"$967,000",60-40,第四班,
2020-01-11,8,樂善堂,星期六,沙田,15:50,全天候跑道,,1650米,好地,"$1,450,000",80-60,第三班,
2020-01-11,9,打鼓嶺讓賽,星期六,沙田,16:25,草地,A 賽道,1400米,好地,"$1,450,000",80-60,第三班,
2020-01-11,10,龍崗讓賽,星期六,沙田,17:00,草地,A 賽道,1600米,好地,"$2,100,000",100-80,第二班,
2020-01-15,1,美利讓賽,星期三,跑馬地,18:45,草地,C+3 賽道,1000米,好地,"$725,000",40-0,第五班,
2020-01-15,2,會所街讓賽,星期三,跑馬地,19:15,草地,C+3 賽道,1200米,好地,"$967,000",60-40,第四班,
2020-01-15,3,琳寶讓賽,星期三,跑馬地,19:45,草地,C+3 賽道,1000米,好地,"$967,000",60-40,第四班,
2020-01-15,4,雪廠讓賽,星期三,跑馬地,20:15,草地,C+3 賽道,1650米,好地,"$967,000",60-40,第四班,
2020-01-15,5,愛丁堡讓賽,星期三,跑馬地,20:45,草地,C+3 賽道,1650米,好地,"$1,450,000",80-60,第三班,
2020-01-15,6,香港會挑戰盃（讓賽）,星期三,跑馬地,21:15,草地,C+3 賽道,1200米,好地,"$967,000",60-40,第四班,
2020-01-15,7,愛丁堡讓賽,星期三,跑馬地,21:45,草地,C+3 賽道,1650米,好地,"$1,450,000",80-60,第三班,
2020-01-15,8,干諾讓賽,星期三,跑馬地,22:15,草地,C+3 賽道,1000米,好地,"$1,450,000",80-60,第三班,
2020-01-15,9,遮打讓賽,星期三,跑馬地,22:50,草地,C+3 賽道,1200米,好地,"$1,450,000",80-60,第三班,
2020-01-19,1,喜蓮獎星讓賽,星期日,沙田,12:15,草地,A+3 賽道,2000米,好地,"$967,000",60-40,第四班,
2020-01-19,2,好利威讓賽,星期日,沙田,12:45,草地,A+3 賽道,1200米,好地,"$967,000",60-40,第四班,
2020-01-19,3,大印銀紙讓賽,星期日,沙田,13:15,草地,A+3 賽道,1600米,好地,"$967,000",60-40,第四班,
2020-01-19,4,友誼至上讓賽,星期日,沙田,13:45,草地,A+3 賽道,1400米,好地,"$967,000",60-40,第四班,
2020-01-19,5,董事盃,星期日,沙田,14:15,草地,A+3 賽道,1600米,好地,"$10,000,000",,國際一級賽,
2020-01-19,6,締造美麗讓賽,星期日,沙田,14:50,草地,A+3 賽道,1200米,好地,"$1,450,000",80-60,第三班,
2020-01-19,7,百週年紀念短途盃,星期日,沙田,15:20,草地,A+3 賽道,1200米,好地,"$10,000,000",,國際一級賽,
2020-01-19,8,好爸爸讓賽,星期日,沙田,15:55,草地,A+3 賽道,1400米,好地,"$1,450,000",80-60,第三班,
2020-01-19,9,雄心威龍讓賽,星期日,沙田,16:30,草地,A+3 賽道,1200米,好地,"$2,100,000",100-80,第二班,
2020-01-19,10,精彩日子讓賽,星期日,沙田,17:05,草地,A+3 賽道,1600米,好地,"$1,450,000",80-60,第三班,
2020-01-22,1,裕民讓賽,星期三,跑馬地,18:45,草地,A 賽道,2200米,好地,"$725,000",40-0,第五班,
2020-01-22,2,成業讓賽,星期三,跑馬地,19:15,草地,A 賽道,1200米,好地,"$967,000",60-40,第四班,
2020-01-22,3,成業讓賽,星期三,跑馬地,19:45,草地,A 賽道,1200米,好地,"$967,000",60-40,第四班,
2020-01-22,4,偉業讓賽,星期三,跑馬地,20:15,草地,A 賽道,1650米,好地,"$967,000",60-40,第四班,
2020-01-22,5,物華讓賽,星期三,跑馬地,20:45,草地,A 賽道,1000米,好地,"$967,000",60-40,第四班,
2020-01-22,6,偉業讓賽,星期三,跑馬地,21:15,草地,A 賽道,1650米,好地,"$967,000",60-40,第四班,
2020-01-22,7,鴻圖讓賽,星期三,跑馬地,21:45,草地,A 賽道,1650米,好地,"$1,450,000",80-60,第三班,
2020-01-22,8,開源讓賽,星期三,跑馬地,22:15,草地,A 賽道,1200米,好地,"$1,450,000",80-60,第三班,
2020-01-22,9,開源讓賽,星期三,跑馬地,22:50,草地,A 賽道,1200米,好地,"$1,450,000",80-60,第三班,
2020-01-27,1,如意讓賽,星期一,沙田,12:00,草地,B+2 賽道,1200米,好地,"$725,000",40-0,第五班,
2020-01-27,2,吉祥讓賽,星期一,沙田,12:30,草地,B+2 賽道,1000米,好地,"$967,000",60-40,第四班,
2020-01-27,3,利是讓賽,星期一,沙田,13:00,草地,B+2 賽道,1400米,好地,"$967,000",60-40,第四班,
2020-01-27,4,百週年紀念銀瓶（讓賽）,星期一,沙田,13:30,草地,B+2 賽道,1800米,好地,"$3,250,000",,國際三級賽,
2020-01-27,5,興隆讓賽,星期一,沙田,14:00,草地,B+2 賽道,1200米,好地,"$967,000",60-40,第四班,
2020-01-27,6,利是讓賽,星期一,沙田,14:30,草地,B+2 賽道,1400米,好地,"$967,000",60-40,第四班,
2020-01-27,7,恭喜讓賽,星期一,沙田,15:00,草地,B+2 賽道,2000米,好地,"$1,450,000",80-60,第三班,
2020-01-27,8,香港經典一哩賽,星期一,沙田,15:30,草地,B+2 賽道,1600米,好地,"$10,000,000",,四歲,
2020-01-27,9,好運讓賽,星期一,沙田,16:05,草地,B+2 賽道,1400米,好地,"$1,450,000",85-60,第三班,
2020-01-27,10,賀年盃（讓賽）,星期一,沙田,16:40,草地,B+2 賽道,1400米,好地,"$2,800,000",110-85,第一班,
2020-01-27,11,發財讓賽,星期一,沙田,17:15,草地,B+2 賽道,1200米,好地,"$1,450,000",80-60,第三班,
2020-01-29,1,堅尼地讓賽,星期三,跑馬地,18:45,草地,B 賽道,1200米,好地,"$967,000",60-40,第四班,
2020-01-29,2,摩理臣山讓賽,星期三,跑馬地,19:15,草地,B 賽道,1650米,好地,"$725,000",40-0,第五班,
2020-01-29,3,堅尼地讓賽,星期三,跑馬地,19:45,草地,B 賽道,1200米,好地,"$967,000",60-40,第四班,
2020-01-29,4,堅尼地讓賽,星期三,跑馬地,20:15,草地,B 賽道,1200米,好地,"$967,000",60-40,第四班,
2020-01-29,5,愛群讓賽,星期三,跑馬地,20:50,草地,B 賽道,1800米,好地,"$967,000",60-40,第四班,
2020-01-29,6,義勇軍挑戰盃（讓賽）,星期三,跑馬地,21:20,草地,B 賽道,1650米,好地,"$1,450,000",80-60,第三班,
2020-01-29,7,皇后大道東讓賽,星期三,跑馬地,21:50,草地,B 賽道,1200米,好地,"$1,450,000",80-60,第三班,
2020-01-29,8,司徒拔讓賽,星期三,跑馬地,22:20,草地,B 賽道,1200米,好地,"$2,100,000",100-80,第二班,
2020-01-29,9,天樂讓賽,星期三,跑馬地,22:55,草地,B 賽道,1650米,好地,"$2,100,000",100-80,第二班,
2020-02-02,1,蘭花讓賽,星期日,沙田,12:15,草地,C 賽道,1200米,好地,"$967,000",60-40,第四班,
2020-02-02,2,蘭花讓賽,星期日,沙田,12:45,草地,C 賽道,1200米,好地,"$967,000",60-40,第四班,
2020-02-02,3,玫瑰讓賽,星期日,沙田,13:15,草地,C 賽道,1400米,好地,"$725,000",40-0,第五班,
2020-02-02,4,桃花讓賽,星期日,沙田,13:45,草地,C 賽道,1400米,好地,"$967,000",60-40,第四班,
2020-02-02,5,雛菊讓賽,星期日,沙田,14:15,草地,C 賽道,1600米,好地,"$1,450,000",80-60,第三班,
2020-02-02,6,牡丹讓賽,星期日,沙田,14:50,全天候跑道,,1650米,好地,"$967,000",60-40,第四班,
2020-02-02,7,百合讓賽,星期日,沙田,15:20,全天候跑道,,1650米,好地,"$1,450,000",80-60,第三班,
2020-02-02,8,富貴菊讓賽,星期日,沙田,15:50,草地,C 賽道,1000米,好地,"$1,450,000",80-60,第三班,
2020-02-02,9,水仙花讓賽,星期日,沙田,16:25,草地,C 賽道,1200米,好地,"$1,450,000",80-60,第三班,
2020-02-02,10,杜鵑花讓賽,星期日,沙田,17:00,草地,C 賽道,1800米,好地,"$2,100,000",100-80,第二班,
2020-02-05,1,寶靈頓讓賽,星期三,跑馬地,19:15,草地,C 賽道,1200米,好地,"$725,000",40-0,第五班,
2020-02-05,2,堅拿讓賽,星期三,跑馬地,19:45,草地,C 賽道,1000米,好地,"$967,000",60-40,第四班,
2020-02-05,3,紀利華木球會挑戰盃（讓賽）,星期三,跑馬地,20:15,草地,C 賽道,1650米,好地,"$967,000",60-40,第四班,
2020-02-05,4,波斯富讓賽,星期三,跑馬地,20:45,草地,C 賽道,1200米,好地,"$967,000",60-40,第四班,
2020-02-05,5,黃泥涌讓賽,星期三,跑馬地,21:15,草地,C 賽道,1650米,好地,"$967,000",60-40,第四班,
2020-02-05,6,體育道讓賽,星期三,跑馬地,21:45,草地,C 賽道,1200米,好地,"$1,450,000",80-60,第三班,
2020-02-05,7,羅素讓賽,星期三,跑馬地,22:15,草地,C 賽道,1650米,好地,"$1,450,000",80-60,第三班,
2020-02-05,8,體育道讓賽,星期三,跑馬地,22:55,草地,C 賽道,1200米,好地,"$1,450,000",80-60,第三班,
2020-02-08,1,樂華讓賽,星期六,沙田,12:15,草地,C+3 賽道,1000米,好地,"$967,000",60-40,第四班,
2020-02-08,2,橫頭磡讓賽,星期六,沙田,12:45,草地,C+3 賽道,1800米,好地,"$725,000",40-0,第五班,
2020-02-08,3,牛頭角讓賽,星期六,沙田,13:15,全天候跑道,,1200米,好地,"$967,000",60-40,第四班,
2020-02-08,4,秀茂坪讓賽,星期六,沙田,13:45,草地,C+3 賽道,1400米,好地,"$967,000",60-40,第四班,
2020-02-08,5,樂富讓賽,星期六,沙田,14:15,草地,C+3 賽道,1800米,好地,"$1,450,000",80-60,第三班,
2020-02-08,6,啟業讓賽,星期六,沙田,14:50,全天候跑道,,1200米,好地,"$1,450,000",80-60,第三班,
2020-02-08,7,彩雲讓賽,星期六,沙田,15:20,草地,C+3 賽道,1600米,好地,"$2,100,000",105-80,第二班,
2020-02-08,8,鯉魚門讓賽,星期六,沙田,15:50,草地,C+3 賽道,1400米,好地,"$1,450,000",80-60,第三班,
2020-02-08,9,彩虹讓賽,星期六,沙田,16:30,草地,C+3 賽道,1200米,好地,"$2,100,000",105-80,第二班,
2020-02-08,10,鯉魚門讓賽,星期六,沙田,17:05,草地,C+3 賽道,1400米,好地,"$1,450,000",80-60,第三班,
2020-02-12,1,西貢讓賽,星期三,跑馬地,19:15,草地,C+3 賽道,1200米,好地,"$967,000",60-40,第四班,
2020-02-12,2,大埔讓賽,星期三,跑馬地,19:45,草地,C+3 賽道,1650米,好地,"$967,000",60-40,第四班,
2020-02-12,3,西貢讓賽,星期三,跑馬地,20:15,草地,C+3 賽道,1200米,好地至快地,"$967,000",60-40,第四班,
2020-02-12,4,荃灣讓賽,星期三,跑馬地,20:45,草地,C+3 賽道,1800米,好地至快地,"$967,000",60-40,第四班,
2020-02-12,5,粉嶺讓賽,星期三,跑馬地,21:15,草地,C+3 賽道,1000米,好地至快地,"$1,450,000",85-60,第三班,
2020-02-12,6,葵涌讓賽,星期三,跑馬地,21:45,草地,C+3 賽道,1650米,好地至快地,"$1,450,000",80-60,第三班,
2020-02-12,7,葵涌讓賽,星期三,跑馬地,22:15,草地,C+3 賽道,1650米,好地至快地,"$1,450,000",80-60,第三班,
2020-02-12,8,火炭讓賽,星期三,跑馬地,22:50,草地,C+3 賽道,1200米,好地至快地,"$1,450,000",80-60,第三班,
2020-02-16,1,花旗銀行流動理財讓賽,星期日,沙田,12:15,草地,A 賽道,1200米,好地,"$967,000",60-40,第四班,
2020-02-16,2,花旗銀行CITI PRIORITY讓賽,星期日,沙田,12:45,草地,A 賽道,1200米,好地,"$967,000",60-40,第四班,
2020-02-16,3,花旗銀行CITIGOLD讓賽,星期日,沙田,13:15,草地,A 賽道,1600米,好地,"$967,000",60-40,第四班,
2020-02-16,4,花旗私人客戶業務讓賽,星期日,沙田,13:45,草地,A 賽道,1400米,好地,"$967,000",60-40,第四班,
2020-02-16,5,花旗銀行香港金盃,星期日,沙田,14:15,草地,A 賽道,2000米,好地,"$10,000,000",,國際一級賽,
2020-02-16,6,CITI ULTIMA CARD讓賽,星期日,沙田,14:50,草地,A 賽道,1400米,好地,"$1,450,000",80-60,第三班,
2020-02-16,7,女皇銀禧紀念盃,星期日,沙田,15:20,草地,A 賽道,1400米,好地,"$10,000,000",,國際一級賽,
2020-02-16,8,花旗銀行財富管理服務讓賽,星期日,沙田,15:50,草地,A 賽道,1200米,好地,"$1,450,000",80-60,第三班,
2020-02-16,9,花旗銀行保險服務讓賽,星期日,沙田,16:25,草地,A 賽道,1200米,好地,"$1,450,000",80-60,第三班,
2020-02-16,10,花旗銀行按揭服務讓賽,星期日,沙田,17:00,草地,A 賽道,1400米,好地,"$2,100,000",100-80,第二班,
2020-02-19,1,將軍澳讓賽,星期三,沙田,19:15,全天候跑道,,1200米,好地,"$725,000",40-0,第五班,
2020-02-19,2,油塘讓賽,星期三,沙田,19:45,全天候跑道,,1650米,好地,"$725,000",40-0,第五班,
2020-02-19,3,寶琳讓賽,星期三,沙田,20:15,全天候跑道,,1200米,好地,"$967,000",60-40,第四班,
2020-02-19,4,寶琳讓賽,星期三,沙田,20:45,全天候跑道,,1200米,好地,"$967,000",60-40,第四班,
2020-02-19,5,調景嶺讓賽,星期三,沙田,21:15,全天候跑道,,1650米,好地,"$967,000",60-40,第四班,
2020-02-19,6,坑口讓賽,星期三,沙田,21:45,全天候跑道,,1200米,好地,"$1,450,000",80-60,第三班,
2020-02-19,7,藍田讓賽,星期三,沙田,22:15,全天候跑道,,1800米,好地,"$1,450,000",80-60,第三班,
2020-02-19,8,茶果嶺讓賽,星期三,沙田,22:50,全天候跑道,,1200米,好地,"$2,100,000",105-80,第二班,
2020-02-23,1,禾輋讓賽,星期日,沙田,12:15,草地,A+3 賽道,1200米,好地,"$725,000",40-0,第五班,
2020-02-23,2,新翠讓賽,星期日,沙田,12:45,草地,A+3 賽道,1400米,好地,"$967,000",60-40,第四班,
2020-02-23,3,水泉澳讓賽,星期日,沙田,13:15,草地,A+3 賽道,1200米,好地,"$967,000",60-40,第四班,
2020-02-23,4,新田圍讓賽,星期日,沙田,13:45,草地,A+3 賽道,2000米,好地,"$967,000",60-40,第四班,
2020-02-23,5,隆亨讓賽,星期日,沙田,14:15,草地,A+3 賽道,1200米,好地,"$1,450,000",80-60,第三班,
2020-02-23,6,新翠讓賽,星期日,沙田,14:50,草地,A+3 賽道,1400米,好地,"$967,000",60-40,第四班,
2020-02-23,7,香港經典盃,星期日,沙田,15:20,草地,A+3 賽道,1800米,好地,"$10,000,000",,四歲,
2020-02-23,8,瀝源讓賽,星期日,沙田,15:50,草地,A+3 賽道,2000米,好地,"$2,100,000",100-80,第二班,
2020-02-23,9,美林讓賽,星期日,沙田,16:25,草地,A+3 賽道,1400米,好地,"$1,450,000",80-60,第三班,
2020-02-23,10,碩門讓賽,星期日,沙田,17:00,草地,A+3 賽道,1600米,好地,"$1,450,000",80-60,第三班,
2020-02-26,1,毓秀讓賽,星期三,跑馬地,18:45,草地,A 賽道,1800米,好地,"$725,000",40-0,第五班,
2020-02-26,2,宏德讓賽,星期三,跑馬地,19:15,草地,A 賽道,1200米,好地,"$967,000",60-40,第四班,
2020-02-26,3,奕蔭讓賽,星期三,跑馬地,19:45,草地,A 賽道,1650米,好地,"$967,000",60-40,第四班,
2020-02-26,4,山村讓賽,星期三,跑馬地,20:15,草地,A 賽道,1000米,好地,"$967,000",60-40,第四班,
2020-02-26,5,山光讓賽,星期三,跑馬地,20:45,草地,A 賽道,1650米,好地,"$2,800,000",110-85,第一班,
2020-02-26,6,聚文讓賽,星期三,跑馬地,21:15,草地,A 賽道,2200米,好地,"$1,450,000",80-60,第三班,
2020-02-26,7,藍塘讓賽,星期三,跑馬地,21:45,草地,A 賽道,1200米,好地,"$2,800,000",110-85,第一班,
2020-02-26,8,成和讓賽,星期三,跑馬地,22:15,草地,A 賽道,1650米,好地,"$1,450,000",85-60,第三班,
2020-02-26,9,景光讓賽,星期三,跑馬地,22:55,草地,A 賽道,1200米,好地,"$1,450,000",85-60,第三班,
2020-03-01,1,梨木樹讓賽,星期日,沙田,12:15,草地,B+2 賽道,1000米,好地,"$967,000",60-40,第四班,
2020-03-01,2,大窩口讓賽,星期日,沙田,12:45,草地,B+2 賽道,1600米,好地,"$725,000",40-0,第五班,
2020-03-01,3,石圍角讓賽,星期日,沙田,13:20,草地,B+2 賽道,1400米,好地,"$967,000",60-40,第四班,
2020-03-01,4,石籬讓賽,星期日,沙田,13:50,草地,B+2 賽道,1200米,好地,"$967,000",60-40,第四班,
2020-03-01,5,石蔭讓賽,星期日,沙田,14:20,草地,B+2 賽道,1600米,好地,"$967,000",60-40,第四班,
2020-03-01,6,葵芳讓賽,星期日,沙田,14:50,草地,B+2 賽道,1000米,好地,"$1,450,000",80-60,第三班,
2020-03-01,7,荔景讓賽,星期日,沙田,15:20,草地,B+2 賽道,1400米,好地,"$1,450,000",80-60,第三班,
2020-03-01,8,葵盛讓賽,星期日,沙田,15:50,草地,B+2 賽道,1200米,好地,"$1,450,000",80-60,第三班,
2020-03-01,9,荔景讓賽,星期日,沙田,16:25,草地,B+2 賽道,1400米,好地,"$1,450,000",80-60,第三班,
2020-03-01,10,象山讓賽,星期日,沙田,17:00,草地,B+2 賽道,1400米,好地,"$2,100,000",100-80,第二班,
2020-03-04,1,馬頭圍讓賽,星期三,跑馬地,19:15,草地,B 賽道,1000米,好地,"$725,000",40-0,第五班,
2020-03-04,2,九龍塘讓賽,星期三,跑馬地,19:50,草地,B 賽道,1800米,好地,"$967,000",60-40,第四班,
2020-03-04,3,土瓜灣讓賽,星期三,跑馬地,20:20,草地,B 賽道,1200米,好地,"$967,000",60-40,第四班,
2020-03-04,4,馬頭角讓賽,星期三,跑馬地,20:50,草地,B 賽道,1650米,好地,"$967,000",60-40,第四班,
2020-03-04,5,土瓜灣讓賽,星期三,跑馬地,21:20,草地,B 賽道,1200米,好地,"$967,000",60-40,第四班,
2020-03-04,6,新蒲崗讓賽,星期三,跑馬地,21:50,草地,B 賽道,1650米,好地,"$1,450,000",80-60,第三班,
2020-03-04,7,新蒲崗讓賽,星期三,跑馬地,22:20,草地,B 賽道,1650米,好地,"$1,450,000",80-60,第三班,
2020-03-04,8,九龍城讓賽,星期三,跑馬地,22:55,草地,B 賽道,1200米,好地,"$1,450,000",80-60,第三班,
2020-03-08,1,二澳讓賽,星期日,沙田,12:00,草地,C 賽道,1400米,好地,"$725,000",40-0,第五班,
2020-03-08,2,大澳讓賽,星期日,沙田,12:35,全天候跑道,,1200米,好地,"$967,000",60-35,第四班,
2020-03-08,3,東涌讓賽,星期日,沙田,13:05,草地,C 賽道,1400米,好地,"$967,000",60-40,第四班,
2020-03-08,4,赤鱲角讓賽,星期日,沙田,13:35,草地,C 賽道,1200米,好地,"$2,800,000",100+,第一班,
2020-03-08,5,小蠔灣讓賽,星期日,沙田,14:05,草地,C 賽道,1200米,好地,"$967,000",60-40,第四班,
2020-03-08,6,東涌讓賽,星期日,沙田,14:35,草地,C 賽道,1400米,好地,"$967,000",60-40,第四班,
2020-03-08,7,沙螺灣讓賽,星期日,沙田,15:05,全天候跑道,,1200米,好地,"$1,450,000",80-60,第三班,
2020-03-08,8,塘福讓賽,星期日,沙田,15:35,草地,C 賽道,1600米,好地,"$1,450,000",80-60,第三班,
2020-03-08,9,梅窩讓賽,星期日,沙田,16:05,草地,C 賽道,1800米,好地,"$2,100,000",105-80,第二班,
2020-03-08,10,分流讓賽,星期日,沙田,16:40,草地,C 賽道,1000米,好地,"$2,100,000",100-80,第二班,
2020-03-08,11,昂坪讓賽,星期日,沙田,17:15,草地,C 賽道,1200米,好地,"$1,450,000",80-60,第三班,
2020-03-11,1,灣仔峽讓賽,星期三,跑馬地,19:15,草地,C 賽道,1650米,好地,"$725,000",40-0,第五班,
2020-03-11,2,太原讓賽,星期三,跑馬地,19:45,草地,C 賽道,1200米,好地,"$967,000",60-40,第四班,
2020-03-11,3,譚臣讓賽,星期三,跑馬地,20:15,草地,C 賽道,1650米,好地,"$967,000",60-40,第四班,
2020-03-11,4,太原讓賽,星期三,跑馬地,20:45,草地,C 賽道,1200米,好地,"$967,000",60-40,第四班,
2020-03-11,5,莊士敦讓賽,星期三,跑馬地,21:15,草地,C 賽道,1200米,好地,"$1,450,000",80-60,第三班,
2020-03-11,6,譚臣讓賽,星期三,跑馬地,21:45,草地,C 賽道,1650米,好地,"$967,000",60-40,第四班,
2020-03-11,7,莊士敦讓賽,星期三,跑馬地,22:15,草地,C 賽道,1200米,好地,"$1,450,000",80-60,第三班,
2020-03-11,8,金鐘道讓賽,星期三,跑馬地,22:55,草地,C 賽道,1800米,好地,"$1,450,000",80-60,第三班,
2020-03-14,1,五芳讓賽,星期六,沙田,13:00,草地,C+3 賽道,1200米,好地,"$725,000",40-0,第五班,
2020-03-14,2,崇齡讓賽,星期六,沙田,13:30,草地,C+3 賽道,1200米,好地,"$967,000",60-40,第四班,
2020-03-14,3,鳳舞讓賽,星期六,沙田,14:00,草地,C+3 賽道,1000米,好地,"$967,000",60-40,第四班,
2020-03-14,4,四美讓賽,星期六,沙田,14:30,草地,C+3 賽道,1400米,好地,"$967,000",60-40,第四班,
2020-03-14,5,爵祿讓賽,星期六,沙田,15:00,全天候跑道,,1800米,好地,"$967,000",60-35,第四班,
2020-03-14,6,雙喜讓賽,星期六,沙田,15:35,草地,C+3 賽道,1400米,好地,"$1,450,000",80-60,第三班,
2020-03-14,7,三祝讓賽,星期六,沙田,16:05,全天候跑道,,1650米,好地,"$1,450,000",85-60,第三班,
2020-03-14,8,龍翔讓賽,星期六,沙田,16:35,草地,C+3 賽道,1600米,好地,"$2,800,000",95+,第一班,
2020-03-14,9,大有讓賽,星期六,沙田,17:10,草地,C+3 賽道,1200米,好地,"$1,450,000",80-60,第三班,
2020-03-14,10,雙喜讓賽,星期六,沙田,17:50,草地,C+3 賽道,1400米,好地,"$1,450,000",80-60,第三班,
2020-03-18,1,紫藤讓賽,星期三,跑馬地,19:15,草地,C+3 賽道,2200米,好地,"$725,000",40-0,第五班,
2020-03-18,2,丹桂讓賽,星期三,跑馬地,19:45,草地,C+3 賽道,1200米,好地,"$967,000",60-40,第四班,
2020-03-18,3,高槐讓賽,星期三,跑馬地,20:15,草地,C+3 賽道,1000米,好地,"$1,450,000",80-60,第三班,
2020-03-18,4,地錦讓賽,星期三,跑馬地,20:45,草地,C+3 賽道,1650米,好地,"$967,000",60-40,第四班,
2020-03-18,5,丹桂讓賽,星期三,跑馬地,21:15,草地,C+3 賽道,1200米,好地,"$967,000",60-40,第四班,
2020-03-18,6,玉蘭讓賽,星期三,跑馬地,21:45,草地,C+3 賽道,1650米,好地,"$1,450,000",80-60,第三班,
2020-03-18,7,石竹讓賽,星期三,跑馬地,22:15,草地,C+3 賽道,1200米,好地,"$1,450,000",80-60,第三班,
2020-03-18,8,海棠讓賽,星期三,跑馬地,22:50,草地,C+3 賽道,1200米,好地,"$2,100,000",100-80,第二班,
2020-03-22,1,陽明飛飛讓賽,星期日,沙田,13:00,草地,A 賽道,1200米,好地,"$967,000",60-40,第四班,
2020-03-22,2,喜蓮福星讓賽,星期日,沙田,13:30,草地,A 賽道,1600米,好地,"$967,000",60-40,第四班,
2020-03-22,3,極品絲綢讓賽,星期日,沙田,14:00,草地,A 賽道,1200米,好地,"$967,000",60-40,第四班,
2020-03-22,4,平海福星讓賽,星期日,沙田,14:30,草地,A 賽道,1400米,好地,"$967,000",60-40,第四班,
2020-03-22,5,威爾頓讓賽,星期日,沙田,15:00,草地,A 賽道,1200米,好地,"$1,450,000",80-60,第三班,
2020-03-22,6,事事為王讓賽,星期日,沙田,15:35,草地,A 賽道,2000米,好地至快地,"$1,450,000",85-60,第三班,
2020-03-22,7,戰利品讓賽,星期日,沙田,16:05,草地,A 賽道,1200米,好地至快地,"$1,450,000",80-60,第三班,
2020-03-22,8,寶馬香港打吡大賽2020,星期日,沙田,16:35,草地,A 賽道,2000米,好地至快地,"$20,000,000",,四歲,
2020-03-22,9,閒話一句讓賽,星期日,沙田,17:15,草地,A 賽道,1400米,好地至快地,"$1,450,000",80-60,第三班,
2020-03-22,10,佳龍駒讓賽,星期日,沙田,17:50,草地,A 賽道,1400米,好地至快地,"$2,100,000",100-80,第二班,
2020-03-25,1,瀑布灣讓賽,星期三,跑馬地,19:15,草地,A 賽道,1650米,好地,"$725,000",40-0,第五班,
2020-03-25,2,田灣讓賽,星期三,跑馬地,19:45,草地,A 賽道,1650米,好地,"$967,000",60-40,第四班,
2020-03-25,3,沙灣讓賽,星期三,跑馬地,20:15,草地,A 賽道,1000米,好地,"$967,000",60-40,第四班,
2020-03-25,4,田灣讓賽,星期三,跑馬地,20:45,草地,A 賽道,1650米,好地,"$967,000",60-40,第四班,
2020-03-25,5,石排灣讓賽,星期三,跑馬地,21:15,草地,A 賽道,1200米,好地,"$967,000",60-40,第四班,
2020-03-25,6,鋼線灣讓賽,星期三,跑馬地,21:45,草地,A 賽道,1200米,好地,"$1,450,000",80-60,第三班,
2020-03-25,7,布廠灣讓賽,星期三,跑馬地,22:15,草地,A 賽道,1650米,好地,"$1,450,000",80-60,第三班,
2020-03-25,8,鋼線灣讓賽,星期三,跑馬地,22:55,草地,A 賽道,1200米,好地,"$1,450,000",80-60,第三班,
2020-03-29,1,元州讓賽,星期日,沙田,12:45,草地,A+3 賽道,1400米,好地,"$725,000",40-0,第五班,
2020-03-29,2,大坑東讓賽,星期日,沙田,13:15,草地,A+3 賽道,2000米,好地,"$967,000",60-40,第四班,
2020-03-29,3,麗閣讓賽,星期日,沙田,13:45,草地,A+3 賽道,1200米,好地,"$1,450,000",80-60,第三班,
2020-03-29,4,蘇屋讓賽,星期日,沙田,14:15,草地,A+3 賽道,1400米,好地,"$967,000",60-40,第四班,
2020-03-29,5,石硤尾讓賽,星期日,沙田,15:05,草地,A+3 賽道,1200米,好地,"$967,000",60-40,第四班,
2020-03-29,6,蘇屋讓賽,星期日,沙田,15:40,草地,A+3 賽道,1400米,好地,"$967,000",60-40,第四班,
2020-03-29,7,長沙灣讓賽,星期日,沙田,16:10,草地,A+3 賽道,1000米,好地,"$1,450,000",80-60,第三班,
2020-03-29,8,南山讓賽,星期日,沙田,16:40,草地,A+3 賽道,1400米,好地,"$1,450,000",80-60,第三班,
2020-03-29,9,白田讓賽,星期日,沙田,17:15,草地,A+3 賽道,1600米,好地,"$1,450,000",85-60,第三班,
2020-03-29,10,澤安讓賽,星期日,沙田,17:50,草地,A+3 賽道,1200米,好地,"$2,100,000",100-80,第二班,
2020-04-01,1,銀鑛灣讓賽,星期三,沙田,19:15,全天候跑道,,1200米,濕慢地,"$725,000",40-0,第五班,
2020-04-01,2,橋咀讓賽,星期三,沙田,19:45,全天候跑道,,1200米,濕慢地,"$967,000",60-40,第四班,
2020-04-01,3,東灣讓賽,星期三,沙田,20:15,全天候跑道,,1650米,濕慢地,"$725,000",40-0,第五班,
2020-04-01,4,橋咀讓賽,星期三,沙田,20:45,全天候跑道,,1200米,濕慢地,"$967,000",60-40,第四班,
2020-04-01,5,貝澳讓賽,星期三,沙田,21:15,全天候跑道,,1650米,濕慢地,"$967,000",60-40,第四班,
2020-04-01,6,清水灣讓賽,星期三,沙田,21:45,全天候跑道,,1200米,濕慢地,"$1,450,000",80-60,第三班,
2020-04-01,7,廈門灣讓賽,星期三,沙田,22:15,全天候跑道,,1800米,濕慢地,"$1,450,000",80-60,第三班,
2020-04-01,8,長沙讓賽,星期三,沙田,22:50,全天候跑道,,1650米,濕慢地,"$2,100,000",100-80,第二班,
2020-04-05,1,貝璐讓賽,星期日,沙田,12:45,草地,B+2 賽道,1000米,好地,"$967,000",60-40,第四班,
2020-04-05,2,堪仕達讓賽,星期日,沙田,13:15,草地,B+2 賽道,1200米,好地,"$1,450,000",80-60,第三班,
2020-04-05,3,主席錦標,星期日,沙田,13:45,草地,B+2 賽道,1600米,好地,"$4,250,000",,國際二級賽,
2020-04-05,4,普樂讓賽,星期日,沙田,14:15,草地,B+2 賽道,1400米,好地,"$967,000",60-40,第四班,
2020-04-05,5,夏力讓賽,星期日,沙田,15:05,草地,B+2 賽道,2000米,好地,"$2,800,000",110-85,第一班,
2020-04-05,6,施勳讓賽,星期日,沙田,15:40,草地,B+2 賽道,1600米,好地,"$967,000",60-40,第四班,
2020-04-05,7,短途錦標,星期日,沙田,16:10,草地,B+2 賽道,1200米,好地,"$4,250,000",,國際二級賽,
2020-04-05,8,種植讓賽,星期日,沙田,16:40,草地,B+2 賽道,1200米,好地,"$967,000",60-40,第四班,
2020-04-05,9,堪仕達讓賽,星期日,沙田,17:15,草地,B+2 賽道,1200米,好地,"$1,450,000",80-60,第三班,
2020-04-05,10,盧吉讓賽,星期日,沙田,17:50,草地,B+2 賽道,1400米,好地,"$1,450,000",80-60,第三班,
2020-04-08,1,漁灣讓賽,星期三,跑馬地,19:15,草地,B 賽道,1800米,好地,"$967,000",60-40,第四班,
2020-04-08,2,耀東讓賽,星期三,跑馬地,19:45,草地,B 賽道,1650米,好地,"$967,000",60-40,第四班,
2020-04-08,3,環翠讓賽,星期三,跑馬地,20:15,草地,B 賽道,1200米,好地,"$967,000",60-40,第四班,
2020-04-08,4,環翠讓賽,星期三,跑馬地,20:45,草地,B 賽道,1200米,好地,"$967,000",60-40,第四班,
2020-04-08,5,康東讓賽,星期三,跑馬地,21:15,草地,B 賽道,1200米,好地,"$1,450,000",80-60,第三班,
2020-04-08,6,興華讓賽,星期三,跑馬地,21:45,草地,B 賽道,1000米,好地,"$1,450,000",80-60,第三班,
2020-04-08,7,愛東讓賽,星期三,跑馬地,22:15,草地,B 賽道,1650米,好地,"$1,450,000",80-60,第三班,
2020-04-08,8,興民讓賽,星期三,跑馬地,22:50,草地,B 賽道,1000米,好地,"$2,100,000",100-80,第二班,
2020-04-12,1,油麻地平磅賽,星期日,沙田,12:30,草地,C 賽道,1000米,好地,"$850,000",,新馬賽,
2020-04-12,2,大角咀讓賽,星期日,沙田,13:00,草地,C 賽道,1000米,好地,"$725,000",40-0,第五班,
2020-04-12,3,尖沙咀讓賽,星期日,沙田,13:30,草地,C 賽道,1800米,好地,"$725,000",40-0,第五班,
2020-04-12,4,京士柏讓賽,星期日,沙田,14:00,草地,C 賽道,1200米,好地,"$967,000",60-40,第四班,
2020-04-12,5,旺角讓賽,星期日,沙田,14:30,草地,C 賽道,1400米,好地,"$967,000",60-40,第四班,
2020-04-12,6,京士柏讓賽,星期日,沙田,15:10,草地,C 賽道,1200米,好地,"$967,000",60-40,第四班,
2020-04-12,7,旺角讓賽,星期日,沙田,15:40,草地,C 賽道,1400米,好地,"$967,000",60-40,第四班,
2020-04-12,8,佐敦讓賽,星期日,沙田,16:10,草地,C 賽道,1800米,好地,"$1,450,000",80-60,第三班,
2020-04-12,9,何文田讓賽,星期日,沙田,16:40,草地,C 賽道,1000米,好地,"$1,450,000",80-60,第三班,
2020-04-12,10,紅磡讓賽,星期日,沙田,17:15,草地,C 賽道,1400米,好地,"$1,450,000",80-60,第三班,
2020-04-12,11,柯士甸讓賽,星期日,沙田,17:50,草地,C 賽道,1400米,好地,"$2,100,000",100-80,第二班,
2020-04-15,1,胡桃木讓賽,星期三,跑馬地,18:45,草地,C 賽道,1650米,好地,"$725,000",40-0,第五班,
2020-04-15,2,洋松讓賽,星期三,跑馬地,19:15,草地,C 賽道,1200米,好地,"$967,000",60-40,第四班,
2020-04-15,3,雲杉讓賽,星期三,跑馬地,19:45,草地,C 賽道,1650米,好地,"$967,000",60-40,第四班,
2020-04-15,4,洋松讓賽,星期三,跑馬地,20:15,草地,C 賽道,1200米,好地,"$967,000",60-40,第四班,
2020-04-15,5,洋松讓賽,星期三,跑馬地,20:45,草地,C 賽道,1200米,好地,"$967,000",60-40,第四班,
2020-04-15,6,柏樹讓賽,星期三,跑馬地,21:15,草地,C 賽道,1200米,好地,"$1,450,000",80-60,第三班,
2020-04-15,7,蒲葵讓賽,星期三,跑馬地,21:45,草地,C 賽道,1650米,好地,"$1,450,000",80-60,第三班,
2020-04-15,8,柏樹讓賽,星期三,跑馬地,22:15,草地,C 賽道,1200米,好地,"$1,450,000",80-60,第三班,
2020-04-15,9,雪松讓賽,星期三,跑馬地,22:50,草地,C 賽道,1800米,好地,"$2,100,000",100-80,第二班,
2020-04-19,1,窩打老讓賽,星期日,沙田,12:45,草地,C+3 賽道,1400米,好地,"$725,000",40-0,第五班,
2020-04-19,2,沙福讓賽,星期日,沙田,13:15,草地,C+3 賽道,1800米,好地,"$967,000",60-40,第四班,
2020-04-19,3,森麻實讓賽,星期日,沙田,13:45,全天候跑道,,1650米,好地,"$967,000",60-40,第四班,
2020-04-19,4,雅息士讓賽,星期日,沙田,14:15,全天候跑道,,1650米,好地,"$1,450,000",80-60,第三班,
2020-04-19,5,根德讓賽,星期日,沙田,15:05,全天候跑道,,1200米,好地,"$967,000",60-40,第四班,
2020-04-19,6,羅福讓賽,星期日,沙田,15:40,草地,C+3 賽道,1400米,好地,"$967,000",60-40,第四班,
2020-04-19,7,金巴倫讓賽,星期日,沙田,16:10,草地,C+3 賽道,1200米,好地,"$1,450,000",80-60,第三班,
2020-04-19,8,德雲讓賽,星期日,沙田,16:40,全天候跑道,,1200米,好地,"$1,450,000",80-60,第三班,
2020-04-19,9,歌和老讓賽,星期日,沙田,17:15,全天候跑道,,1200米,好地,"$2,100,000",100-80,第二班,
2020-04-19,10,多實讓賽,星期日,沙田,17:50,草地,C+3 賽道,1400米,好地,"$1,450,000",80-60,第三班,
2020-04-22,1,鬱金香讓賽,星期三,跑馬地,18:45,草地,C+3 賽道,1200米,好地,"$725,000",40-0,第五班,
2020-04-22,2,黄水仙讓賽,星期三,跑馬地,19:15,草地,C+3 賽道,1200米,好地,"$967,000",60-40,第四班,
2020-04-22,3,石楠讓賽,星期三,跑馬地,19:45,草地,C+3 賽道,2200米,好地,"$1,450,000",85-60,第三班,
2020-04-22,4,金盞花讓賽,星期三,跑馬地,20:15,草地,C+3 賽道,1650米,好地,"$967,000",60-40,第四班,
2020-04-22,5,蝴蝶花讓賽,星期三,跑馬地,20:45,草地,C+3 賽道,1000米,好地,"$967,000",60-40,第四班,
2020-04-22,6,金盞花讓賽,星期三,跑馬地,21:15,草地,C+3 賽道,1650米,好地至黏地,"$967,000",60-40,第四班,
2020-04-22,7,黄水仙讓賽,星期三,跑馬地,21:45,草地,C+3 賽道,1200米,好地至黏地,"$967,000",60-40,第四班,
2020-04-22,8,番紅花讓賽,星期三,跑馬地,22:15,草地,C+3 賽道,1200米,好地至黏地,"$1,450,000",80-60,第三班,
2020-04-22,9,矢車菊讓賽,星期三,跑馬地,22:50,草地,C+3 賽道,1000米,好地至黏地,"$1,450,000",80-60,第三班,
2020-04-26,1,步步穩讓賽,星期日,沙田,12:45,草地,A 賽道,1400米,好地,"$967,000",60-40,第四班,
2020-04-26,2,靚蝦王讓賽,星期日,沙田,13:15,草地,A 賽道,1200米,好地,"$1,450,000",80-60,第三班,
2020-04-26,3,奔騰讓賽,星期日,沙田,13:45,草地,A 賽道,1200米,好地,"$967,000",60-40,第四班,
2020-04-26,4,駿河讓賽,星期日,沙田,14:15,草地,A 賽道,1600米,好地,"$1,450,000",80-60,第三班,
2020-04-26,5,主席短途獎,星期日,沙田,14:50,草地,A 賽道,1200米,好地,"$18,000,000",,國際一級賽,
2020-04-26,6,爪皇凌雨讓賽,星期日,沙田,15:25,草地,A 賽道,1400米,好地,"$1,450,000",80-60,第三班,
2020-04-26,7,富衛保險冠軍一哩賽,星期日,沙田,16:00,草地,A 賽道,1600米,好地,"$20,000,000",,國際一級賽,
2020-04-26,8,富衛保險女皇盃,星期日,沙田,16:40,草地,A 賽道,2000米,好地,"$25,000,000",,國際一級賽,
2020-04-26,9,精英大師讓賽,星期日,沙田,17:15,草地,A 賽道,1200米,好地,"$2,100,000",105-80,第二班,
2020-04-26,10,牛精福星讓賽,星期日,沙田,17:50,草地,A 賽道,1600米,好地,"$2,100,000",105-80,第二班,
2020-04-29,1,大坑讓賽,星期三,跑馬地,18:45,草地,A 賽道,2200米,好地,"$967,000",60-40,第四班,
2020-04-29,2,灣仔讓賽,星期三,跑馬地,19:15,草地,A 賽道,1800米,好地至快地,"$725,000",40-0,第五班,
2020-04-29,3,鰂魚涌讓賽,星期三,跑馬地,19:45,草地,A 賽道,1650米,好地至快地,"$967,000",60-40,第四班,
2020-04-29,4,北角讓賽,星期三,跑馬地,20:15,草地,A 賽道,1200米,好地至快地,"$967,000",60-40,第四班,
2020-04-29,5,北角讓賽,星期三,跑馬地,20:45,草地,A 賽道,1200米,好地至快地,"$967,000",60-40,第四班,
2020-04-29,6,炮台山讓賽,星期三,跑馬地,21:15,草地,A 賽道,1650米,好地至快地,"$1,450,000",80-60,第三班,
2020-04-29,7,銅鑼灣讓賽,星期三,跑馬地,21:45,草地,A 賽道,1200米,好地至快地,"$1,450,000",80-60,第三班,
2020-04-29,8,炮台山讓賽,星期三,跑馬地,22:15,草地,A 賽道,1650米,好地至快地,"$1,450,000",80-60,第三班,
2020-04-29,9,銅鑼灣讓賽,星期三,跑馬地,22:50,草地,A 賽道,1200米,好地至快地,"$1,450,000",80-60,第三班,
2020-05-03,1,淘金者平磅賽,星期日,沙田,12:30,草地,B 賽道,1000米,好地,"$850,000",,新馬賽,
2020-05-03,2,奇貨讓賽,星期日,沙田,13:00,全天候跑道,,1200米,好地,"$725,000",40-0,第五班,
2020-05-03,3,皇太后紀念盃（讓賽）,星期日,沙田,13:30,草地,B 賽道,2400米,好地,"$3,250,000",,國際三級賽,
2020-05-03,4,曼島讓賽,星期日,沙田,14:00,草地,B 賽道,1000米,好地,"$967,000",60-40,第四班,
2020-05-03,5,酒味脆餅讓賽,星期日,沙田,14:30,草地,B 賽道,1200米,好地至快地,"$1,450,000",80-60,第三班,
2020-05-03,6,萬利廄讓賽,星期日,沙田,15:00,全天候跑道,,1200米,好地,"$967,000",60-40,第四班,
2020-05-03,7,諾曼征服讓賽,星期日,沙田,15:35,草地,B 賽道,1600米,好地至快地,"$967,000",60-40,第四班,
2020-05-03,8,寶島讓賽,星期日,沙田,16:05,草地,B 賽道,2000米,好地至快地,"$1,450,000",80-60,第三班,
2020-05-03,9,蒙魯連平讓賽,星期日,沙田,16:35,草地,B 賽道,1400米,好地至快地,"$967,000",60-40,第四班,
2020-05-03,10,果敢精神讓賽,星期日,沙田,17:10,全天候跑道,,1200米,好地,"$1,450,000",80-60,第三班,
2020-05-03,11,英奇阿倫讓賽,星期日,沙田,17:45,草地,B 賽道,1400米,好地至快地,"$1,450,000",80-60,第三班,
2020-05-06,1,菖蒲讓賽,星期三,跑馬地,18:45,草地,B 賽道,1200米,好地,"$967,000",60-40,第四班,
2020-05-06,2,蓮花讓賽,星期三,跑馬地,19:15,草地,B 賽道,1650米,好地,"$967,000",60-40,第四班,
2020-05-06,3,菖蒲讓賽,星期三,跑馬地,19:45,草地,B 賽道,1200米,好地至快地,"$967,000",60-40,第四班,
2020-05-06,4,蓮花讓賽,星期三,跑馬地,20:15,草地,B 賽道,1650米,好地至快地,"$967,000",60-40,第四班,
2020-05-06,5,菖蒲讓賽,星期三,跑馬地,20:45,草地,B 賽道,1200米,好地至快地,"$967,000",60-40,第四班,
2020-05-06,6,康乃馨讓賽,星期三,跑馬地,21:15,草地,B 賽道,1000米,好地至快地,"$1,450,000",80-60,第三班,
2020-05-06,7,洋甘菊讓賽,星期三,跑馬地,21:45,草地,B 賽道,1650米,好地至快地,"$1,450,000",80-60,第三班,
2020-05-06,8,雞冠花讓賽,星期三,跑馬地,22:15,草地,B 賽道,1200米,好地至快地,"$1,450,000",80-60,第三班,
2020-05-06,9,山茶讓賽,星期三,跑馬地,22:50,草地,B 賽道,1650米,好地至快地,"$2,100,000",100-80,第二班,
2020-05-09,1,橄欖石讓賽,星期六,沙田,13:00,草地,C 賽道,1200米,好地至快地,"$967,000",60-40,第四班,
2020-05-09,2,碧玉讓賽,星期六,沙田,13:30,全天候跑道,,1650米,好地,"$1,450,000",80-60,第三班,
2020-05-09,3,橄欖石讓賽,星期六,沙田,14:00,草地,C 賽道,1200米,好地至快地,"$967,000",60-40,第四班,
2020-05-09,4,黃寶石讓賽,星期六,沙田,14:30,草地,C 賽道,1600米,好地至快地,"$725,000",40-0,第五班,
2020-05-09,5,藍寶石讓賽,星期六,沙田,15:00,草地,C 賽道,1800米,好地至快地,"$967,000",60-40,第四班,
2020-05-09,6,紅寶石讓賽,星期六,沙田,15:40,全天候跑道,,1650米,好地,"$967,000",60-40,第四班,
2020-05-09,7,水晶讓賽,星期六,沙田,16:10,草地,C 賽道,1200米,好地至快地,"$1,450,000",80-60,第三班,
2020-05-09,8,紫晶讓賽,星期六,沙田,16:40,草地,C 賽道,1000米,好地至快地,"$2,100,000",100-80,第二班,
2020-05-09,9,琥珀讓賽,星期六,沙田,17:15,草地,C 賽道,1400米,好地至快地,"$2,800,000",110-85,第一班,
2020-05-09,10,綠寶石讓賽,星期六,沙田,17:50,草地,C 賽道,1400米,好地至快地,"$1,450,000",85-60,第三班,
2020-05-13,1,小馬山讓賽,星期三,跑馬地,18:45,草地,C 賽道,1200米,好地,"$725,000",40-0,第五班,
2020-05-13,2,砵甸乍山讓賽,星期三,跑馬地,19:15,草地,C 賽道,1650米,好地,"$967,000",60-40,第四班,
2020-05-13,3,小馬山讓賽,星期三,跑馬地,19:45,草地,C 賽道,1200米,好地,"$725,000",40-0,第五班,
2020-05-13,4,奇力山讓賽,星期三,跑馬地,20:15,草地,C 賽道,1200米,好地,"$967,000",60-40,第四班,
2020-05-13,5,歌連臣山讓賽,星期三,跑馬地,20:45,草地,C 賽道,1000米,好地,"$967,000",60-40,第四班,
2020-05-13,6,長連山讓賽,星期三,跑馬地,21:15,草地,C 賽道,1200米,好地,"$1,450,000",80-60,第三班,
2020-05-13,7,長連山讓賽,星期三,跑馬地,21:45,草地,C 賽道,1200米,好地,"$1,450,000",80-60,第三班,
2020-05-13,8,孖崗山讓賽,星期三,跑馬地,22:15,草地,C 賽道,1800米,好地,"$1,450,000",80-60,第三班,
2020-05-13,9,鶴咀山讓賽,星期三,跑馬地,22:50,草地,C 賽道,1650米,好地,"$1,450,000",80-60,第三班,
2020-05-17,1,榕樹澳讓賽,星期日,沙田,13:00,草地,C+3 賽道,2200米,好地至快地,"$725,000",40-0,第五班,
2020-05-17,2,大網仔讓賽,星期日,沙田,13:30,草地,C+3 賽道,1000米,好地至快地,"$967,000",60-40,第四班,
2020-05-17,3,黃竹灣讓賽,星期日,沙田,14:00,草地,C+3 賽道,1200米,好地至快地,"$967,000",60-40,第四班,
2020-05-17,4,黃麻地讓賽,星期日,沙田,14:30,草地,C+3 賽道,1400米,好地至快地,"$967,000",60-40,第四班,
2020-05-17,5,黃麻地讓賽,星期日,沙田,15:00,草地,C+3 賽道,1400米,好地至快地,"$967,000",60-40,第四班,
2020-05-17,6,荔枝莊讓賽,星期日,沙田,15:35,草地,C+3 賽道,1000米,好地至快地,"$1,450,000",80-60,第三班,
2020-05-17,7,水浪窩讓賽,星期日,沙田,16:05,草地,C+3 賽道,1600米,好地至快地,"$1,450,000",80-60,第三班,
2020-05-17,8,海下讓賽,星期日,沙田,16:35,草地,C+3 賽道,1800米,好地至快地,"$2,100,000",100-80,第二班,
2020-05-17,9,深涌讓賽,星期日,沙田,17:10,草地,C+3 賽道,1400米,好地至快地,"$1,450,000",80-60,第三班,
2020-05-17,10,白沙澳讓賽,星期日,沙田,17:45,草地,C+3 賽道,1200米,好地至快地,"$1,450,000",80-60,第三班,
2020-05-20,1,山貝河讓賽,星期三,跑馬地,18:45,草地,C+3 賽道,1200米,好地,"$967,000",60-40,第四班,
2020-05-20,2,丹山河讓賽,星期三,跑馬地,19:15,草地,C+3 賽道,1800米,好地至快地,"$967,000",60-40,第四班,
2020-05-20,3,大城石澗讓賽,星期三,跑馬地,19:45,草地,C+3 賽道,1650米,好地至快地,"$967,000",60-35,第四班,
2020-05-20,4,錦田河讓賽,星期三,跑馬地,20:15,草地,C+3 賽道,1000米,好地至快地,"$1,450,000",80-60,第三班,
2020-05-20,5,山貝河讓賽,星期三,跑馬地,20:45,草地,C+3 賽道,1200米,好地至快地,"$967,000",60-40,第四班,
2020-05-20,6,山貝河讓賽,星期三,跑馬地,21:15,草地,C+3 賽道,1200米,好地至快地,"$967,000",60-40,第四班,
2020-05-20,7,南涌河讓賽,星期三,跑馬地,21:45,草地,C+3 賽道,1650米,好地至快地,"$1,450,000",80-60,第三班,
2020-05-20,8,林村河讓賽,星期三,跑馬地,22:15,草地,C+3 賽道,1200米,好地至快地,"$1,450,000",80-60,第三班,
2020-05-20,9,蠔涌河讓賽,星期三,跑馬地,22:50,草地,C+3 賽道,1200米,好地至快地,"$2,100,000",100-80,第二班,
2020-05-24,1,巴基之星平磅賽,星期日,沙田,12:30,草地,A 賽道,1200米,好地,"$850,000",,新馬賽,
2020-05-24,2,智多飛讓賽,星期日,沙田,13:00,草地,A 賽道,1400米,好地,"$967,000",60-40,第四班,
2020-05-24,3,火龍駒讓賽,星期日,沙田,13:30,草地,A 賽道,1600米,好地,"$967,000",60-40,第四班,
2020-05-24,4,沙田銀瓶（讓賽）,星期日,沙田,14:00,草地,A 賽道,1200米,好地,"$3,250,000",,國際三級賽,
2020-05-24,5,明月千里讓賽,星期日,沙田,14:30,草地,A 賽道,1200米,好地,"$1,450,000",80-60,第三班,
2020-05-24,6,好先生讓賽,星期日,沙田,15:00,草地,A 賽道,1200米,好地,"$967,000",60-40,第四班,
2020-05-24,7,喜蓮巨星讓賽,星期日,沙田,15:35,草地,A 賽道,1200米,好地,"$967,000",60-40,第四班,
2020-05-24,8,渣打冠軍暨遮打盃,星期日,沙田,16:05,草地,A 賽道,2400米,好地,"$10,000,000",,國際一級賽,
2020-05-24,9,將男讓賽,星期日,沙田,16:40,草地,A 賽道,1800米,好地,"$1,450,000",80-60,第三班,
2020-05-24,10,加州萬里讓賽,星期日,沙田,17:15,草地,A 賽道,1400米,好地,"$1,450,000",80-60,第三班,
2020-05-24,11,爆冷讓賽,星期日,沙田,17:50,草地,A 賽道,1400米,好地,"$2,100,000",100-80,第二班,
2020-05-27,1,海鷗讓賽,星期三,沙田,18:45,全天候跑道,,1200米,濕慢地,"$967,000",60-40,第四班,
2020-05-27,2,天鵝讓賽,星期三,沙田,19:15,全天候跑道,,1800米,好地,"$725,000",40-0,第五班,
2020-05-27,3,海鷗讓賽,星期三,沙田,19:45,全天候跑道,,1200米,好地,"$967,000",60-40,第四班,
2020-05-27,4,白鷺讓賽,星期三,沙田,20:15,全天候跑道,,1650米,好地,"$2,100,000",100-80,第二班,
2020-05-27,5,海鷗讓賽,星期三,沙田,20:45,全天候跑道,,1200米,好地,"$967,000",60-40,第四班,
2020-05-27,6,紅鶴讓賽,星期三,沙田,21:15,全天候跑道,,1200米,好地,"$1,450,000",80-60,第三班,
2020-05-27,7,琵鷺讓賽,星期三,沙田,21:45,全天候跑道,,1650米,好地,"$967,000",60-40,第四班,
2020-05-27,8,紅鶴讓賽,星期三,沙田,22:15,全天候跑道,,1200米,好地,"$1,450,000",80-60,第三班,
2020-05-27,9,孔雀讓賽,星期三,沙田,22:50,全天候跑道,,1650米,好地,"$1,450,000",80-60,第三班,
2020-05-31,1,慈雲山讓賽,星期日,沙田,12:15,草地,B 賽道,1400米,好地,"$725,000",40-0,第五班,
2020-05-31,2,慈雲山讓賽,星期日,沙田,12:45,草地,B 賽道,1400米,好地,"$725,000",40-0,第五班,
2020-05-31,3,琵琶山讓賽,星期日,沙田,13:15,草地,B 賽道,1000米,好地,"$967,000",60-40,第四班,
2020-05-31,4,尖山讓賽,星期日,沙田,13:45,草地,B 賽道,1200米,好地,"$1,450,000",80-60,第三班,
2020-05-31,5,沙田嶺讓賽,星期日,沙田,14:15,草地,B 賽道,1200米,好地,"$967,000",60-40,第四班,
2020-05-31,6,沙田坳讓賽,星期日,沙田,15:05,草地,B 賽道,1400米,好地,"$967,000",60-40,第四班,
2020-05-31,7,大老山讓賽,星期日,沙田,15:40,草地,B 賽道,2000米,好地,"$967,000",60-40,第四班,
2020-05-31,8,尖山讓賽,星期日,沙田,16:10,草地,B 賽道,1200米,好地,"$1,450,000",80-60,第三班,
2020-05-31,9,獅子山錦標（讓賽）,星期日,沙田,16:40,草地,B 賽道,1600米,好地,"$3,250,000",,國際三級賽,
2020-05-31,10,紅梅谷讓賽,星期日,沙田,17:15,草地,B 賽道,1400米,好地,"$1,450,000",80-60,第三班,
2020-05-31,11,望夫石讓賽,星期日,沙田,17:50,草地,B 賽道,1200米,好地,"$2,100,000",100-80,第二班,
2020-06-03,1,奧卑利讓賽,星期三,跑馬地,18:45,草地,A 賽道,2200米,好地,"$1,450,000",80-60,第三班,
2020-06-03,2,士丹頓讓賽,星期三,跑馬地,19:15,草地,A 賽道,1200米,好地,"$967,000",60-40,第四班,
2020-06-03,3,雲咸讓賽,星期三,跑馬地,19:45,草地,A 賽道,1650米,好地,"$967,000",60-40,第四班,
2020-06-03,4,士丹頓讓賽,星期三,跑馬地,20:15,草地,A 賽道,1200米,好地,"$967,000",60-40,第四班,
2020-06-03,5,雲咸讓賽,星期三,跑馬地,20:45,草地,A 賽道,1650米,好地,"$967,000",60-40,第四班,
2020-06-03,6,些利讓賽,星期三,跑馬地,21:15,草地,A 賽道,1000米,好地,"$967,000",60-40,第四班,
2020-06-03,7,閣麟讓賽,星期三,跑馬地,21:45,草地,A 賽道,1800米,好地,"$2,100,000",100-80,第二班,
2020-06-03,8,擺花讓賽,星期三,跑馬地,22:15,草地,A 賽道,1650米,好地,"$1,450,000",80-60,第三班,
2020-06-03,9,嘉咸讓賽,星期三,跑馬地,22:50,草地,A 賽道,1200米,好地,"$1,450,000",80-60,第三班,
2020-06-07,1,湖景讓賽,星期日,沙田,12:45,草地,C 賽道,1200米,黏地,"$725,000",40-0,第五班,
2020-06-07,2,寶田讓賽,星期日,沙田,13:15,草地,C 賽道,1200米,黏地,"$967,000",60-40,第四班,
2020-06-07,3,寶田讓賽,星期日,沙田,13:45,草地,C 賽道,1200米,黏地,"$967,000",60-40,第四班,
2020-06-07,4,友愛讓賽,星期日,沙田,14:15,草地,C 賽道,1800米,黏地,"$725,000",40-0,第五班,
2020-06-07,5,大興讓賽,星期日,沙田,15:05,草地,C 賽道,1600米,黏地,"$967,000",60-40,第四班,
2020-06-07,6,三聖讓賽,星期日,沙田,15:40,草地,C 賽道,1400米,黏地,"$967,000",60-40,第四班,
2020-06-07,7,富泰讓賽,星期日,沙田,16:10,草地,C 賽道,1000米,黏地,"$1,450,000",80-60,第三班,
2020-06-07,8,龍逸讓賽,星期日,沙田,16:40,草地,C 賽道,1400米,黏地,"$1,450,000",80-60,第三班,
2020-06-07,9,安定讓賽,星期日,沙田,17:15,草地,C 賽道,1600米,黏地,"$1,450,000",80-60,第三班,
2020-06-07,10,蝴蝶讓賽,星期日,沙田,17:50,草地,C 賽道,1400米,黏地,"$2,100,000",100-80,第二班,
2020-06-10,1,聯福讓賽,星期三,跑馬地,18:45,草地,B 賽道,1200米,好地,"$967,000",60-40,第四班,
2020-06-10,2,朗德讓賽,星期三,跑馬地,19:15,草地,B 賽道,1800米,好地至快地,"$967,000",60-40,第四班,
2020-06-10,3,西谷讓賽,星期三,跑馬地,19:45,草地,B 賽道,1650米,好地至快地,"$725,000",40-0,第五班,
2020-06-10,4,對衡讓賽,星期三,跑馬地,20:15,草地,B 賽道,1000米,好地至快地,"$1,450,000",80-60,第三班,
2020-06-10,5,聯福讓賽,星期三,跑馬地,20:45,草地,B 賽道,1200米,好地至快地,"$967,000",60-40,第四班,
2020-06-10,6,聯福讓賽,星期三,跑馬地,21:15,草地,B 賽道,1200米,好地至快地,"$967,000",60-40,第四班,
2020-06-10,7,蘭開夏讓賽,星期三,跑馬地,21:45,草地,B 賽道,1650米,好地至快地,"$1,450,000",80-60,第三班,
2020-06-10,8,禧福讓賽,星期三,跑馬地,22:15,草地,B 賽道,1200米,好地至快地,"$1,450,000",80-60,第三班,
2020-06-10,9,安域讓賽,星期三,跑馬地,22:50,草地,B 賽道,1000米,好地至快地,"$2,100,000",100-80,第二班,
2020-06-14,1,主席賽馬日平磅賽,星期日,沙田,12:30,草地,C+3 賽道,1000米,好地,"$850,000",,新馬賽,
2020-06-14,2,雷里讓賽,星期日,沙田,13:00,草地,C+3 賽道,1400米,好地,"$725,000",40-0,第五班,
2020-06-14,3,麥蘊利盃（讓賽）,星期日,沙田,13:30,草地,C+3 賽道,1000米,好地,"$967,000",60-40,第四班,
2020-06-14,4,蒲偉士碟（讓賽）,星期日,沙田,14:00,草地,C+3 賽道,1600米,好地至快地,"$2,100,000",100-80,第二班,
2020-06-14,5,施偉賢盃（讓賽）,星期日,沙田,14:30,草地,C+3 賽道,1400米,好地至快地,"$967,000",60-40,第四班,
2020-06-14,6,黃頌顯盃（讓賽）,星期日,沙田,15:00,全天候跑道,,1200米,濕慢地,"$967,000",60-40,第四班,
2020-06-14,7,李福深盃（讓賽）,星期日,沙田,15:35,草地,C+3 賽道,1800米,好地至快地,"$1,450,000",80-60,第三班,
2020-06-14,8,夏佳理錦標（讓賽）,星期日,沙田,16:05,全天候跑道,,1200米,濕慢地,"$2,100,000",100-80,第二班,
2020-06-14,9,陳祖澤錦標（讓賽）,星期日,沙田,16:35,草地,C+3 賽道,1400米,好地至快地,"$967,000",60-40,第四班,
2020-06-14,10,施文信盃（讓賽）,星期日,沙田,17:10,全天候跑道,,1200米,濕慢地,"$1,450,000",80-60,第三班,
2020-06-14,11,葉錫安瓶（讓賽）,星期日,沙田,17:45,草地,C+3 賽道,1200米,好地至快地,"$1,450,000",80-60,第三班,
2020-06-21,1,碧璽讓賽,星期日,沙田,12:30,草地,A 賽道,1000米,好地至快地,"$725,000",40-0,第五班,
2020-06-21,2,石榴石讓賽,星期日,沙田,13:00,草地,A 賽道,1200米,好地至快地,"$967,000",60-40,第四班,
2020-06-21,3,精英盃（讓賽）,星期日,沙田,13:30,草地,A 賽道,1400米,好地至快地,"$3,250,000",,國際三級賽,
2020-06-21,4,石榴石讓賽,星期日,沙田,14:00,草地,A 賽道,1200米,好地至快地,"$967,000",60-40,第四班,
2020-06-21,5,石榴石讓賽,星期日,沙田,14:30,草地,A 賽道,1200米,好地至快地,"$967,000",60-40,第四班,
2020-06-21,6,蛋白石讓賽,星期日,沙田,15:00,草地,A 賽道,2000米,好地至快地,"$967,000",60-40,第四班,
2020-06-21,7,青金石讓賽,星期日,沙田,15:35,草地,A 賽道,1600米,好地至快地,"$967,000",60-40,第四班,
2020-06-21,8,精英碟（讓賽）,星期日,沙田,16:05,草地,A 賽道,1800米,好地至快地,"$3,250,000",,國際三級賽,
2020-06-21,9,紫翠玉讓賽,星期日,沙田,16:35,草地,A 賽道,1400米,好地至快地,"$1,450,000",80-60,第三班,
2020-06-21,10,紫翠玉讓賽,星期日,沙田,17:10,草地,A 賽道,1400米,好地至快地,"$1,450,000",80-60,第三班,
2020-06-21,11,海藍寶讓賽,星期日,沙田,17:45,草地,A 賽道,1200米,好地至快地,"$1,450,000",80-60,第三班,
2020-06-24,1,紫羅蘭山讓賽,星期三,跑馬地,18:45,草地,C 賽道,1200米,好地至快地,"$967,000",60-40,第四班,
2020-06-24,2,紫羅蘭山讓賽,星期三,跑馬地,19:15,草地,C 賽道,1200米,好地至快地,"$967,000",60-40,第四班,
2020-06-24,3,黃泥涌峽讓賽,星期三,跑馬地,19:45,草地,C 賽道,1650米,好地至快地,"$967,000",60-40,第四班,
2020-06-24,4,黃泥涌峽讓賽,星期三,跑馬地,20:15,草地,C 賽道,1650米,好地至快地,"$967,000",60-40,第四班,
2020-06-24,5,壽臣山讓賽,星期三,跑馬地,20:45,草地,C 賽道,1000米,好地至快地,"$967,000",60-40,第四班,
2020-06-24,6,歌賦山讓賽,星期三,跑馬地,21:15,草地,C 賽道,1200米,好地至快地,"$1,450,000",80-60,第三班,
2020-06-24,7,金馬倫山讓賽,星期三,跑馬地,21:45,草地,C 賽道,1650米,好地至快地,"$2,100,000",100-80,第二班,
2020-06-24,8,聶高信山讓賽,星期三,跑馬地,22:15,草地,C 賽道,1650米,好地至快地,"$1,450,000",80-60,第三班,
2020-06-24,9,馬己仙峽讓賽,星期三,跑馬地,22:50,草地,C 賽道,1200米,好地至快地,"$2,100,000",100-80,第二班,
2020-06-27,1,橫瀾島讓賽,星期六,沙田,13:00,全天候跑道,,1650米,好地,"$725,000",40-0,第五班,
2020-06-27,2,坪洲讓賽,星期六,沙田,13:30,草地,B 賽道,1200米,好地至快地,"$967,000",60-40,第四班,
2020-06-27,3,坪洲讓賽,星期六,沙田,14:00,草地,B 賽道,1200米,好地至快地,"$967,000",60-40,第四班,
2020-06-27,4,長洲讓賽,星期六,沙田,14:30,草地,B 賽道,1200米,好地至快地,"$1,450,000",80-60,第三班,
2020-06-27,5,東龍洲讓賽,星期六,沙田,15:00,全天候跑道,,1650米,好地,"$967,000",60-40,第四班,
2020-06-27,6,蒲台讓賽,星期六,沙田,15:35,草地,B 賽道,1400米,好地至快地,"$967,000",60-40,第四班,
2020-06-27,7,吉澳洲讓賽,星期六,沙田,16:05,草地,B 賽道,2000米,好地至快地,"$1,450,000",80-60,第三班,
2020-06-27,8,塔門讓賽,星期六,沙田,16:35,全天候跑道,,1650米,好地,"$1,450,000",85-60,第三班,
2020-06-27,9,南丫島讓賽,星期六,沙田,17:10,草地,B 賽道,1400米,好地至快地,"$1,450,000",80-60,第三班,
2020-06-27,10,大嶼山讓賽,星期六,沙田,17:45,草地,B 賽道,1400米,好地至快地,"$2,100,000",100-80,第二班,
2020-07-01,1,馬照跑1200米讓賽,星期三,沙田,13:00,全天候跑道,,1200米,濕慢地,"$725,000",40-0,第五班,
2020-07-01,2,卓越領導1400米讓賽,星期三,沙田,13:30,草地,C 賽道,1400米,好地,"$725,000",40-0,第五班,
2020-07-01,3,堅守誠信1400米讓賽,星期三,沙田,14:00,草地,C 賽道,1400米,好地至快地,"$967,000",60-40,第四班,
2020-07-01,4,服務社群1800米讓賽,星期三,沙田,14:30,草地,C 賽道,1800米,好地至快地,"$967,000",60-40,第四班,
2020-07-01,5,持續進步1200米讓賽,星期三,沙田,15:05,草地,C 賽道,1200米,好地至快地,"$967,000",60-40,第四班,
2020-07-01,6,同心同步同進1200米讓賽,星期三,沙田,15:35,全天候跑道,,1200米,好地,"$967,000",60-40,第四班,
2020-07-01,7,粵港盃（讓賽）,星期三,沙田,16:05,草地,C 賽道,1200米,好地至快地,"$1,450,000",80-60,第三班,
2020-07-01,8,香港回歸盃（讓賽）,星期三,沙田,16:40,草地,C 賽道,1800米,好地至快地,"$2,100,000",100-80,第二班,
2020-07-01,9,體育精神1600米讓賽,星期三,沙田,17:15,草地,C 賽道,1600米,好地至快地,"$1,450,000",80-60,第三班,
2020-07-01,10,更好未來1000米讓賽,星期三,沙田,17:50,草地,C 賽道,1000米,好地至快地,"$1,450,000",80-60,第三班,
2020-07-05,1,青山灣平磅賽,星期日,沙田,12:30,草地,C+3 賽道,1200米,好地至快地,"$850,000",,新馬賽,
2020-07-05,2,沙田海讓賽,星期日,沙田,13:00,草地,C+3 賽道,1200米,好地至快地,"$967,000",60-40,第四班,
2020-07-05,3,吉澳海讓賽,星期日,沙田,13:30,草地,C+3 賽道,2200米,好地至快地,"$725,000",40-0,第五班,
2020-07-05,4,藍塘海峽讓賽,星期日,沙田,14:00,草地,C+3 賽道,1000米,好地至快地,"$967,000",60-40,第四班,
2020-07-05,5,藍巴勒海峽讓賽,星期日,沙田,14:30,全天候跑道,,1200米,好地,"$967,000",60-40,第四班,
2020-07-05,6,維多利亞港讓賽,星期日,沙田,15:00,全天候跑道,,1200米,好地,"$1,450,000",80-60,第三班,
2020-07-05,7,牛尾海讓賽,星期日,沙田,15:35,草地,C+3 賽道,1400米,好地至快地,"$967,000",60-40,第四班,
2020-07-05,8,維多利亞港讓賽,星期日,沙田,16:05,全天候跑道,,1200米,好地,"$1,450,000",80-60,第三班,
2020-07-05,9,大鵬灣讓賽,星期日,沙田,16:35,草地,C+3 賽道,1600米,好地至快地,"$967,000",60-40,第四班,
2020-07-05,10,吐露港讓賽,星期日,沙田,17:10,草地,C+3 賽道,1400米,好地至快地,"$1,450,000",80-60,第三班,
2020-07-05,11,印洲塘讓賽,星期日,沙田,17:45,草地,C+3 賽道,1200米,好地至快地,"$2,100,000",100-80,第二班,
2020-07-08,1,薄扶林讓賽,星期三,跑馬地,18:45,草地,A 賽道,1650米,好地,"$725,000",40-0,第五班,
2020-07-08,2,旭龢讓賽,星期三,跑馬地,19:15,草地,A 賽道,1200米,好地,"$967,000",60-40,第四班,
2020-07-08,3,旭龢讓賽,星期三,跑馬地,19:45,草地,A 賽道,1200米,好地,"$967,000",60-40,第四班,
2020-07-08,4,寶珊讓賽,星期三,跑馬地,20:15,草地,A 賽道,1200米,好地,"$725,000",40-0,第五班,
2020-07-08,5,克頓讓賽,星期三,跑馬地,20:45,草地,A 賽道,1000米,好地,"$967,000",60-40,第四班,
2020-07-08,6,列堤頓讓賽,星期三,跑馬地,21:15,草地,A 賽道,1650米,好地,"$967,000",60-40,第四班,
2020-07-08,7,卑利士讓賽,星期三,跑馬地,21:45,草地,A 賽道,1200米,好地,"$1,450,000",80-60,第三班,
2020-07-08,8,巴丙頓讓賽,星期三,跑馬地,22:15,草地,A 賽道,1000米,好地,"$1,450,000",80-60,第三班,
2020-07-08,9,干德讓賽,星期三,跑馬地,22:55,草地,A 賽道,1800米,好地,"$1,450,000",80-60,第三班,
2020-07-12,1,無敵王者讓賽,星期日,沙田,12:30,草地,A 賽道,1400米,好地至快地,"$725,000",40-0,第五班,
2020-07-12,2,勝利名星讓賽,星期日,沙田,13:00,草地,A 賽道,1200米,好地至快地,"$967,000",60-40,第四班,
2020-07-12,3,隨心隨意讓賽,星期日,沙田,13:30,草地,A 賽道,1400米,好地至快地,"$967,000",60-40,第四班,
2020-07-12,4,沙田一哩錦標（讓賽）,星期日,沙田,14:00,草地,A 賽道,1600米,好地至快地,"$2,800,000",115-90,第一班,
2020-07-12,5,太陽喜喜讓賽,星期日,沙田,14:30,草地,A 賽道,1800米,好地至快地,"$967,000",60-40,第四班,
2020-07-12,6,叻先生讓賽,星期日,沙田,15:00,草地,A 賽道,1200米,好地至快地,"$967,000",60-40,第四班,
2020-07-12,7,大有利讓賽,星期日,沙田,15:30,草地,A 賽道,1400米,好地至快地,"$967,000",60-40,第四班,
2020-07-12,8,詠彩繽紛讓賽,星期日,沙田,16:05,草地,A 賽道,1600米,好地至快地,"$1,450,000",80-60,第三班,
2020-07-12,9,香港馬主協會錦標（讓賽）,星期日,沙田,16:40,草地,A 賽道,1400米,好地至快地,"$2,100,000",105-80,第二班,
2020-07-12,10,平湖之星讓賽,星期日,沙田,17:15,草地,A 賽道,1400米,好地至快地,"$1,450,000",80-60,第三班,
2020-07-12,11,盈彩繽紛讓賽,星期日,沙田,17:50,草地,A 賽道,1200米,好地至快地,"$1,450,000",80-60,第三班,
2020-07-15,1,源遠讓賽,星期三,跑馬地,18:45,草地,B 賽道,1800米,好地至快地,"$725,000",40-0,第五班,
2020-07-15,2,晋源讓賽,星期三,跑馬地,19:15,草地,B 賽道,1000米,好地至快地,"$725,000",40-0,第五班,
2020-07-15,3,集祥讓賽,星期三,跑馬地,19:45,草地,B 賽道,1200米,好地至快地,"$967,000",60-40,第四班,
2020-07-15,4,載德讓賽,星期三,跑馬地,20:15,草地,B 賽道,1650米,好地至快地,"$967,000",60-40,第四班,
2020-07-15,5,集祥讓賽,星期三,跑馬地,20:45,草地,B 賽道,1200米,好地至快地,"$967,000",60-40,第四班,
2020-07-15,6,綿發讓賽,星期三,跑馬地,21:15,草地,B 賽道,1200米,好地至快地,"$1,450,000",80-60,第三班,
2020-07-15,7,昇平讓賽,星期三,跑馬地,21:45,草地,B 賽道,1650米,好地至快地,"$1,450,000",80-60,第三班,
2020-07-15,8,荷塘讓賽,星期三,跑馬地,22:15,草地,B 賽道,1650米,好地至快地,"$2,100,000",100-80,第二班,
2020-07-15,9,昌明讓賽,星期三,跑馬地,22:50,草地,B 賽道,1200米,好地至快地,"$2,100,000",105-80,第二班,
